41201,"Afghanistan","AWCC",412,01
41220,"Afghanistan","Roshan",412,20
41240,"Afghanistan","Areeba Afghanistan",412,40
41250,"Afghanistan","Etisalat",412,50
41280,"Afghanistan","Afghan Telecom",412,80
41288,"Afghanistan","Afghan Telecom",412,88
27601,"Albania","Albanian Mobile Communications (AMC)",276,01
27602,"Albania","Vodafone Albania",276,02
27603,"Albania","Eagle Mobile",276,03
27604,"Albania","Mobile 4 AL",276,04
60301,"Algeria","Algérie Telecom",603,01
60302,"Algeria","Orascom Telecom Algérie",603,02
21303,"Andorra","Mobiland",213,03
63102,"Angola","Unitel",631,02
63104,"Angola","Movicel",631,04
365010,"Anguilla","Weblinks Limited",365,010
365840,"Anguilla","Cable and Wireless (Anguilla) Ltd trading as Lime",365,840
344030,"Antigua and Barbuda","APUA PCS",344,030
344920,"Antigua and Barbuda","Cable & Wireless (Antigua) trading as Lime",344,920
344930,"Antigua and Barbuda","AT&T Wireless (Antigua)",344,930
722010,"Argentina","Compañia de Radiocomunicaciones Moviles S.A.",722,010
722020,"Argentina","Nextel Argentina srl",722,020
722070,"Argentina","Telefónica Comunicaciones Personales S.A.",722,070
722310,"Argentina","CTI PCS S.A.",722,310
722320,"Argentina","Compañia de Telefonos del Interior Norte S.A.",722,320
722330,"Argentina","Compañia de Telefonos del Interior S.A.",722,330
722341,"Argentina","Telecom Personal S.A.",722,341
36301,"Aruba","SETAR N.V.",363,01
36302,"Aruba","DIGICEL ARUBA",363,02
50501,"Australia","Telstra Corporation Ltd.",505,01
50502,"Australia","Optus Mobile Pty. Ltd.",505,02
50503,"Australia","Vodafone Network Pty. Ltd.",505,03
50504,"Australia","Department of Defence",505,04
50505,"Australia","The Ozitel Network Pty. Ltd.",505,05
50506,"Australia","Hutchison 3G Australia Pty. Ltd.",505,06
50507,"Australia","Vodafone Network Pty. Ltd.",505,07
50508,"Australia","One.Tel GSM 1800 Pty. Ltd.",505,08
50509,"Australia","Airnet Commercial Australia Ltd.",505,09
50510,"Australia","Norfolk Telecom",505,10
50511,"Australia","Telstra Corporation Ltd.",505,11
50512,"Australia","Hutchison Telecommunications (Australia) Pty. Ltd.",505,12
50513,"Australia","Railcorp",505,13
50514,"Australia","AAPT Ltd",505,14
50515,"Australia","3GIS Pty Ltd. (Telstra & Hutchison 3G)",505,15
50516,"Australia","Victorian Rail Track",505,16
50517,"Australia","Vivid Wireless Pty Ltd",505,17
50518,"Australia","Pactel International Pty Ltd",505,18
50519,"Australia","Lycamobile Pty Ltd",505,19
50520,"Australia","Ausgrid Corporation",505,20
50521,"Australia","Queensland Rail Limited",505,21
50522,"Australia","iiNet Ltd",505,22
50523,"Australia","Challenge Networks Pty Ltd",505,23
50524,"Australia","Advanced Communications Technologies Pty. Ltd.",505,24
50525,"Australia","Pilbara Iron Company Services Pty Ltd",505,25
50526,"Australia","Dialogue Communications Pty Ltd",505,26
50527,"Australia","Nexium Telecommunications",505,27
50528,"Australia","RCOM International Pty Ltd",505,28
50530,"Australia","Compatel Limited",505,30
50531,"Australia","BHP Billiton",505,31
50532,"Australia","Thales Australia",505,32
50562,"Australia","NBNCo Limited",505,62
50568,"Australia","NBNCo Limited",505,68
50571,"Australia","Telstra Corporation Ltd.",505,71
50572,"Australia","Telstra Corporation Ltd.",505,72
50588,"Australia","Localstar Holding Pty. Ltd.",505,88
50590,"Australia","Optus Ltd.",505,90
50599,"Australia","One.Tel GSM 1800 Pty. Ltd.",505,99
23201,"Austria","A1 Telekom Austria AG",232,01
23202,"Austria","A1 Telekom Austria AG",232,02
23203,"Austria","T-Mobile Austria GmbH",232,03
23204,"Austria","T-Mobile Austria GmbH",232,04
23205,"Austria","Hutchison Drei Austria GmbH",232,05
23207,"Austria","T-Mobile Austria GmbH",232,07
23208,"Austria","Lycamobile Austria Ltd",232,08
23209,"Austria","A1 Telekom Austria AG",232,09
23210,"Austria","Hutchison Drei Austria GmbH",232,10
23211,"Austria","A1 Telekom Austria AG",232,11
23212,"Austria","A1 Telekom Austria AG",232,12
23213,"Austria","UPC Austria Services GmbH",232,13
23214,"Austria","Hutchison Drei Austria GmbH",232,14
23215,"Austria","Mundio Mobile (Austria) Ltd",232,15
23216,"Austria","Hutchison Drei Austria GmbH",232,16
23217,"Austria","MASS Response Service GmbH",232,17
23218,"Austria","smartspace GmbH",232,18
23219,"Austria","Tele2 Telecommunication GmbH",232,19
23220,"Austria","Mtel Austrija GmbH",232,20
23291,"Austria","ÖBB - Infrastruktur AG",232,91
40001,"Azerbaijan",""Azercell Telecom" LLC",400,01
40002,"Azerbaijan",""Bakcell" LLC",400,02
40003,"Azerbaijan",""Catel" LLC",400,03
40004,"Azerbaijan",""Azerfon" LLC",400,04
40005,"Azerbaijan","Special State Protection Service of the Republic of Azerbaijan",400,05
40006,"Azerbaijan",""Nakhtel" LLC",400,06
42601,"Bahrain","Bahrain Telecommunications Company (BATELCO)",426,01
42602,"Bahrain","Zain Bahrain",426,02
42603,"Bahrain","Civil Aviation Authority",426,03
42604,"Bahrain","STC Bahrain",426,04
42605,"Bahrain","Royal Court",426,05
47001,"Bangladesh","GramenPhone",470,01
47002,"Bangladesh","Aktel",470,02
47003,"Bangladesh","Mobile 2000",470,03
342600,"Barbados","Cable & Wireless (Barbados) Ltd. trading as Lime",342,600
342820,"Barbados","Sunbeach Communications",342,820
25701,"Belarus","MDC Velcom",257,01
25702,"Belarus","MTS",257,02
25703,"Belarus","BelCel Joint Venture (JV)",257,03
25704,"Belarus","Closed joint-stock company "Belarusian telecommunication network"",257,04
25705,"Belarus","Republican Unitary Telecommunication Enterprise (RUE) Beltelecom (National Telecommunications Operator of the Republic of Belarus)",257,05
25706,"Belarus","Belorussian Cloud Technologies",257,06
20600,"Belgium","Proximus",206,00
20601,"Belgium","Proximus",206,01
20602,"Belgium","N.M.B.S",206,02
20605,"Belgium","Telenet nv",206,05
20606,"Belgium","Lycamobile sprl",206,06
20607,"Belgium","Mundio Mobile Belgium nv",206,07
20610,"Belgium","Mobistar sa",206,10
20620,"Belgium","Base Company nv",206,20
20640,"Belgium","Join Experience (Belgium)",206,40
70267,"Belize","Belize Telecommunications Ltd., GSM 1900",702,67
70269,"Belize","SMART/Speednet Communications Ltd.",702,69
61601,"Benin","Libercom",616,01
61602,"Benin","Telecel",616,02
61603,"Benin","Spacetel Benin",616,03
350000,"Bermuda","Bermuda Digital Communications Ltd (CellOne)",350,000
40211,"Bhutan","Bhutan Telecom Ltd",402,11
40217,"Bhutan","B-Mobile of Bhutan Telecom",402,17
73601,"Bolivia (Plurinational State of)","Nuevatel S.A.",736,01
73602,"Bolivia (Plurinational State of)","ENTEL S.A.",736,02
73603,"Bolivia (Plurinational State of)","Telecel S.A.",736,03
21803,"Bosnia and Herzegovina","Eronet Mobile Communications Ltd.",218,03
21805,"Bosnia and Herzegovina","MOBI'S (Mobilina Srpske)",218,05
21890,"Bosnia and Herzegovina","GSMBIH",218,90
65201,"Botswana","Mascom Wireless (Pty) Ltd",652,01
65202,"Botswana","Orange Botswana (Pty) Ltd",652,02
65204,"Botswana","Botswana Telecommunications Corporation (BTC)",652,04
72400,"Brazil","NEXTEL",724,00
72401,"Brazil","SISTEER DO BRASIL TELECOMUNICAÇÔES (MVNO)",724,01
72402,"Brazil","TIM REGIÂO I",724,02
72403,"Brazil","TIM REGIÂO III",724,03
72404,"Brazil","TIM REGIÂO III",724,04
72405,"Brazil","CLARO",724,05
72406,"Brazil","VIVO REGIÂO II",724,06
72410,"Brazil","VIVO REGIÂO III",724,10
72411,"Brazil","VIVO REGIÂO I",724,11
72415,"Brazil","SERCOMTEL",724,15
72416,"Brazil","BRT CELULAR",724,16
72418,"Brazil","DATORA (MVNO)",724,18
72423,"Brazil","TELEMIG CELULAR",724,23
72424,"Brazil","AMAZONIA CELULAR",724,24
72430,"Brazil","TNL PCS Oi",724,30
72431,"Brazil","TNL PCS Oi",724,31
72432,"Brazil","CTBC CELULAR R III",724,32
72433,"Brazil","CTBC CELULAR R II",724,33
72434,"Brazil","CTBC CELULAR R I",724,34
72435,"Brazil","TELCOM",724,35
72436,"Brazil","OPTIONS",724,36
72437,"Brazil","UNICEL",724,37
72438,"Brazil","CLARO",724,38
72439,"Brazil","NEXTEL (SMP)",724,39
72454,"Brazil","PORTO SEGURO TELECOMUNICAÇÔES (MVNO)",724,54
72499,"Brazil","LOCAL (STFC)",724,99
348170,"British Virgin Islands","Cable & Wireless (BVI) Ltd trading as lime",348,170
348370,"British Virgin Islands","BVI Cable TV Ltd",348,370
348570,"British Virgin Islands","Caribbean Cellular Telephone Ltd.",348,570
348770,"British Virgin Islands","Digicel (BVI) Ltd",348,770
52811,"Brunei Darussalam","DST Com",528,11
28401,"Bulgaria","Mobiltel EAD",284,01
28405,"Bulgaria","Globul",284,05
61302,"Burkina Faso","Celtel",613,02
61303,"Burkina Faso","Telecel",613,03
64201,"Burundi","Econet",642,01
64202,"Burundi","Africell",642,02
64203,"Burundi","ONAMOB",642,03
64207,"Burundi","LACELL",642,07
64282,"Burundi","U.COM",642,82
62501,"Cabo Verde","Cabo Verde Telecom",625,01
62502,"Cabo Verde","T+Telecomunicações",625,02
45601,"Cambodia","Mobitel (Cam GSM)",456,01
45602,"Cambodia","Hello",456,02
45603,"Cambodia","S Telecom (CDMA)",456,03
45604,"Cambodia","Cadcomms",456,04
45605,"Cambodia","Starcell",456,05
45606,"Cambodia","Smart",456,06
45608,"Cambodia","Viettel",456,08
45618,"Cambodia","Mfone",456,18
62401,"Cameroon","Mobile Telephone Networks Cameroon",624,01
62402,"Cameroon","Orange Cameroun",624,02
62404,"Cameroon","NEXTTEL (ex VIETTEL CAMEROON)",624,04
302220,"Canada","Telus Mobility",302,220
302221,"Canada","Telus Mobility",302,221
302222,"Canada","Telus Mobility",302,222
302250,"Canada","ALO Mobile Inc",302,250
302270,"Canada","Bragg Communications",302,270
302290,"Canada","Airtel Wireless",302,290
302320,"Canada","Dave Wireless",302,320
302340,"Canada","Execulink",302,340
302360,"Canada","Telus Mobility",302,360
302370,"Canada","Microcell",302,370
302380,"Canada","Dryden Mobility",302,380
302390,"Canada","Dryden Mobility",302,390
302490,"Canada","Globalive Wireless",302,490
302500,"Canada","Videotron Ltd",302,500
302510,"Canada","Videotron Ltd",302,510
302530,"Canada","Keewatinook Okimacinac",302,530
302560,"Canada","Lynx Mobility",302,560
302570,"Canada","Light Squared",302,570
302590,"Canada","Quadro Communication",302,590
302610,"Canada","Bell Mobility",302,610
302620,"Canada","Ice Wireless",302,620
302630,"Canada","Aliant Mobility",302,630
302640,"Canada","Bell Mobility",302,640
302656,"Canada","Tbay Mobility",302,656
302660,"Canada","MTS Mobility",302,660
302670,"Canada","CityTel Mobility",302,670
302680,"Canada","Sask Tel Mobility",302,680
302690,"Canada","Bell Mobility",302,690
302710,"Canada","Globalstar",302,710
302720,"Canada","Rogers Wireless",302,720
302730,"Canada","TerreStar Solutions",302,730
302740,"Canada","Shaw Telecom G.P.",302,740
302760,"Canada","Public Mobile Inc",302,760
302770,"Canada","Rural Com",302,770
302780,"Canada","Sask Tel Mobility",302,780
302860,"Canada","Telus Mobility",302,860
302880,"Canada","Telus/Bell shared",302,880
302940,"Canada","Wightman Telecom",302,940
302990,"Canada","Test",302,990
346140,"Cayman Islands","Cable & Wireless (Cayman) trading as Lime",346,140
62301,"Central African Rep.","Centrafrique Telecom Plus (CTP)",623,01
62302,"Central African Rep.","Telecel Centrafrique (TC)",623,02
62303,"Central African Rep.","Celca (Socatel)",623,03
62201,"Chad","Celtel",622,01
62202,"Chad","Tchad Mobile",622,02
73001,"Chile","Entel Telefónica Móvil",730,01
73002,"Chile","Telefónica Móvil",730,02
73003,"Chile","Smartcom",730,03
73004,"Chile","Centennial Cayman Corp. Chile S.A.",730,04
73005,"Chile","Multikom S.A.",730,05
73006,"Chile","Blue Two Chile SA",730,06
73007,"Chile","Telefónica Móviles Chile S.A.",730,07
73008,"Chile","VTR Móvil S.A.",730,08
73009,"Chile","Centennial Cayman Corp. Chile S.A.",730,09
73010,"Chile","Entel",730,10
73011,"Chile","Celupago S.A.",730,11
73012,"Chile","Telestar Móvil S.A.",730,12
73013,"Chile","TRIBE Mobile Chile SPA",730,13
73014,"Chile","Netline Telefónica Móvil Ltda",730,14
73015,"Chile","CIBELES TELECOM S.A.",730,15
73016,"Chile","Nomade Telecomunicaciones S.A.",730,16
73017,"Chile","COMPATEL Chile Limitada",730,17
46000,"China","China Mobile",460,00
46001,"China","China Unicom",460,01
46003,"China","China Unicom CDMA",460,03
46004,"China","China Satellite Global Star Network",460,04
732001,"Colombia","Colombia Telecomunicaciones S.A. - Telecom",732,001
732002,"Colombia","Edatel S.A.",732,002
732020,"Colombia","Emtelsa",732,020
732099,"Colombia","Emcali",732,099
732101,"Colombia","Comcel S.A. Occel S.A./Celcaribe",732,101
732102,"Colombia","Bellsouth Colombia S.A.",732,102
732103,"Colombia","Colombia Móvil S.A.",732,103
732111,"Colombia","Colombia Móvil S.A.",732,111
732123,"Colombia","Telefónica Móviles Colombia S.A.",732,123
732130,"Colombia","Avantel",732,130
65401,"Comoros","HURI - SNPT",654,01
62901,"Congo","Celtel",629,01
62910,"Congo","Libertis Telecom",629,10
54801,"Cook Islands","Telecom Cook",548,01
71201,"Costa Rica","Instituto Costarricense de Electricidad - ICE",712,01
71202,"Costa Rica","Instituto Costarricense de Electricidad - ICE",712,02
71203,"Costa Rica","CLARO CR Telecomunicaciones S.A.",712,03
71204,"Costa Rica","Telefónica de Costa Rica TC, S.A.",712,04
71220,"Costa Rica","Virtualis",712,20
61202,"Côte d'Ivoire","Atlantique Cellulaire",612,02
61203,"Côte d'Ivoire","Orange Côte d'Ivoire",612,03
61204,"Côte d'Ivoire","Comium Côte d'Ivoire",612,04
61205,"Côte d'Ivoire","Loteny Telecom",612,05
61206,"Côte d'Ivoire","Oricel Côte d'Ivoire",612,06
61207,"Côte d'Ivoire","Aircomm Côte d'Ivoire",612,07
21901,"Croatia","T-Mobile Hrvatska d.o.o./T-Mobile Croatia LLC",219,01
21902,"Croatia","Tele2/Tele2 d.o.o.",219,02
21910,"Croatia","VIPnet/VIPnet d.o.o.",219,10
36801,"Cuba","ETECSA",368,01
36251,"Curaçao","TELCELL GSM",362,51
36269,"Curaçao","CT GSM",362,69
36291,"Curaçao","SETEL GSM",362,91
28001,"Cyprus","CYTA",280,01
28010,"Cyprus","Scancom (Cyprus) Ltd.",280,10
28020,"Cyprus","PrimeTel PLC",280,20
28022,"Cyprus","Lemontel Ltd",280,22
28023,"Cyprus","Mundio Mobile Cyprus Ltd",280,23
23001,"Czech Rep.","T-Mobile Czech Republic a.s.",230,01
23002,"Czech Rep.","Telefónica O2 Czech Republic a.s.",230,02
23003,"Czech Rep.","Vodafone Czech Republic a.s.",230,03
23004,"Czech Rep.","Air Telecom a.s.",230,04
23007,"Czech Rep.","ASTELNET s.r.o",230,07
23008,"Czech Rep.","Compatel s.r.o",230,08
23009,"Czech Rep.","Mundio Distribution Czech Republic s.r.o.",230,09
23098,"Czech Rep.","Sprava Zeleznicni Dopravni Cesty",230,98
63001,"Dem. Rep. of the Congo","Vodacom Congo RDC sprl",630,01
63002,"Dem. Rep. of the Congo","AIRTEL sprl",630,02
63005,"Dem. Rep. of the Congo","Supercell Sprl",630,05
63086,"Dem. Rep. of the Congo","Congo-Chine Telecom s.a.r.l.",630,86
63088,"Dem. Rep. of the Congo","YOZMA TIMETURNS sprl",630,88
63089,"Dem. Rep. of the Congo","OASIS sprl",630,89
63090,"Dem. Rep. of the Congo","Africell RDC",630,90
23801,"Denmark","TDC Mobil",238,01
23802,"Denmark","Sonofon",238,02
23803,"Denmark","MIGway A/S",238,03
23804,"Denmark","NextGen Mobile Ltd T/A CardBoardFish",238,04
23806,"Denmark","Hi3G",238,06
23807,"Denmark","Mundio Mobile (Denmark) Limited",238,07
23808,"Denmark","Nordisk Mobiltelefon Danmark A/S",238,08
23810,"Denmark","TDC Mobil",238,10
23812,"Denmark","Lycamobile Denmark",238,12
23813,"Denmark","Compatel Limited",238,13
23815,"Denmark","Ice Danmark ApS",238,15
23816,"Denmark","Tismi B.V.",238,16
23817,"Denmark","Naka AG",238,17
23820,"Denmark","Telia",238,20
23828,"Denmark","CoolTEL",238,28
23830,"Denmark","Interactive Digital Media GmbH",238,30
23843,"Denmark","MobiWeb Limited",238,43
23866,"Denmark","TT-Netvaerket P/S",238,66
23877,"Denmark","Tele2",238,77
63801,"Djibouti","Evatis",638,01
366110,"Dominica","Cable & Wireless Dominica Ltd trading as Lime",366,110
37001,"Dominican Rep.","Orange Dominicana, S.A.",370,01
37002,"Dominican Rep.","Verizon Dominicana S.A.",370,02
37003,"Dominican Rep.","Tricom S.A.",370,03
37004,"Dominican Rep.","CentennialDominicana",370,04
74000,"Ecuador","Otecel S.A. - Bellsouth",740,00
74001,"Ecuador","Porta GSM",740,01
74002,"Ecuador","Telecsa S.A.",740,02
60201,"Egypt","Mobinil",602,01
60202,"Egypt","Vodafone",602,02
60203,"Egypt","Etisalat",602,03
70601,"El Salvador","CTE Telecom Personal, S.A. de C.V.",706,01
70602,"El Salvador","Digicel, S.A. de C.V.",706,02
70603,"El Salvador","Telemóvil El Salvador, S.A.",706,03
62701,"Equatorial Guinea","Guinea Ecuatorial de Telecomunicaciones Sociedad Anónima (GETESA)",627,01
24801,"Estonia","AS Eesti Telekom",248,01
24802,"Estonia","RLE",248,02
24803,"Estonia","Tele2",248,03
24804,"Estonia","OY Top Connect",248,04
24805,"Estonia","AS Bravocom Mobiil",248,05
24806,"Estonia","ProGroup Holding OY",248,06
24807,"Estonia","Televõrgu AS",248,07
24808,"Estonia","Vivex OÜ",248,08
24809,"Estonia","Bravo Telecom OÜ",248,09
24810,"Estonia","Telcotrade OÜ",248,10
24871,"Estonia","Siseministeerium (Ministry of Interior)",248,71
63601,"Ethiopia","ETH MTN",636,01
750001,"Falkland Islands (Malvinas)","Touch",750,001
27402,"Faroe Islands","P/F Kall, reg. No 2868 (Vodafone FO)",274,02
28801,"Faroe Islands","Faroese Telecom - GSM",288,01
28802,"Faroe Islands","Kall GSM",288,02
54201,"Fiji","Vodafone (Fiji) Ltd",542,01
54202,"Fiji","Digicel (Fiji) Ltd",542,02
54203,"Fiji","Telecom Fiji Ltd (CDMA)",542,03
24403,"Finland","DNA Oy",244,03
24404,"Finland","DNA Oy",244,04
24405,"Finland","Elisa Oy",244,05
24409,"Finland","Nokia Siemens Networks Oy",244,09
24410,"Finland","TDC Oy FINLAND",244,10
24412,"Finland","DNA Oy",244,12
24413,"Finland","DNA Oy",244,13
24414,"Finland","Alands Mobilteleofn Ab",244,14
24416,"Finland","Oy Finland Tele2 AB",244,16
24421,"Finland","Saunalahti Group Oyj",244,21
24429,"Finland","SCNL TRUPHONE",244,29
24491,"Finland","TeliaSonera Finland Oyj",244,91
20801,"France","Orange France",208,01
20802,"France","Orange France",208,02
20803,"France","MobiquiThings",208,03
20804,"France","Sisteer",208,04
20805,"France","Globalstar Europe",208,05
20806,"France","Globalstar Europe",208,06
20807,"France","Globalstar Europe",208,07
20809,"France","S.F.R.",208,09
20810,"France","S.F.R.",208,10
20811,"France","S.F.R.",208,11
20813,"France","S.F.R.",208,13
20814,"France","RFF",208,14
20815,"France","Free Mobile",208,15
20820,"France","Bouygues Telecom",208,20
20821,"France","Bouygues Telecom",208,21
20822,"France","Transatel",208,22
20823,"France","Omer Telecom Ltd",208,23
20824,"France","MobiquiThings",208,24
20825,"France","Lycamobile",208,25
20826,"France","NRJ Mobile",208,26
20827,"France","Afone",208,27
20828,"France","Astrium",208,28
20829,"France","Société International Mobile Communication",208,29
20830,"France","Symacom",208,30
20831,"France","Mundio Mobile",208,31
20888,"France","Bouygues Telecom",208,88
20889,"France","Omer Telecom Ltd",208,89
20890,"France","Images & Réseaux",208,90
20891,"France","Orange France",208,91
64700,"French Departments and Territories in the Indian Ocean","Orange La Réunion",647,00
64702,"French Departments and Territories in the Indian Ocean","Outremer Telecom",647,02
64710,"French Departments and Territories in the Indian Ocean","Société Réunionnaise du Radiotéléphone",647,10
34011,"French Guiana","Guyane Téléphone Mobile",340,11
54705,"French Polynesia","VITI",547,05
54710,"French Polynesia","Mara Telecom",547,10
54715,"French Polynesia","Pacific Mobile Telecom",547,15
54720,"French Polynesia","Tikiphone",547,20
62801,"Gabon","LIBERTIS",628,01
62802,"Gabon","MOOV",628,02
62803,"Gabon","CELTEL",628,03
62804,"Gabon","USAN GABON",628,04
62805,"Gabon","Réseau de l’Administration Gabonaise (RAG)",628,05
60701,"Gambia","Gamcel",607,01
60702,"Gambia","Africell",607,02
60703,"Gambia","Comium Services Ltd",607,03
60704,"Gambia","Qcell",607,04
28201,"Georgia","Geocell Ltd.",282,01
28202,"Georgia","Magti GSM Ltd.",282,02
28203,"Georgia","Iberiatel Ltd.",282,03
28204,"Georgia","Mobitel Ltd.",282,04
28205,"Georgia","Silknet JSC",282,05
28206,"Georgia","JSC Compatel",282,06
28207,"Georgia","GLOBALCELL  LTD",282,07
28208,"Georgia","Silknet GSC",282,08
28209,"Georgia","Gmobile LTD",282,09
26201,"Germany","Telekom Deutschland GmbH",262,01
26202,"Germany","Vodafone D2 GmbH",262,02
26203,"Germany","E-Plus Mobilfunk GmbH & Co. KG",262,03
26204,"Germany","Vodafone D2 GmbH",262,04
26205,"Germany","E-Plus Mobilfunk GmbH & Co. KG",262,05
26206,"Germany","Telekom Deutschland GmbH",262,06
26207,"Germany","Telefonica Germany GmbH & Co. oHG",262,07
26208,"Germany","Telefonica Germany GmbH & Co. oHG",262,08
26209,"Germany","Vodafone D2 GmbH",262,09
26210,"Germany","DB Netz AG",262,10
26211,"Germany","Telefonica Germany GmbH & Co. oHG",262,11
26212,"Germany","E-Plus Mobilfunk GmbH & Co. KG",262,12
26213,"Germany","Mobilcom Multimedia GmbH",262,13
26214,"Germany","Quam GmbH",262,14
26215,"Germany","AirData AG",262,15
26216,"Germany","E-Plus Mobilfunk GmbH & Co. KG",262,16
26217,"Germany","E-Plus Mobilfunk GmbH & Co. KG",262,17
26218,"Germany","NetCologne Gesellschaft für Telekommunikation mbH",262,18
26219,"Germany","Inquam Deutschland GmbH",262,19
26220,"Germany","E-Plus Mobilfunk GmbH & Co. KG",262,20
26241,"Germany","First Telecom GmbH",262,41
26242,"Germany","Vodafone D2 GmbH",262,42
26243,"Germany","Vodafone D2 GmbH",262,43
26277,"Germany","E-Plus Mobilfunk GmbH & Co. KG",262,77
26278,"Germany","Telekom Deutschland GmbH",262,78
26279,"Germany","ng4T GmbH",262,79
62001,"Ghana","Spacefon",620,01
62002,"Ghana","Ghana Telecom Mobile",620,02
62003,"Ghana","Mobitel",620,03
62004,"Ghana","Kasapa Telecom Ltd.",620,04
62011,"Ghana","Netafriques Dot Com Ltd",620,11
26601,"Gibraltar","Gibtelecom GSM",266,01
26609,"Gibraltar","Eazi Telecom Limited",266,09
20201,"Greece","Cosmote",202,01
20202,"Greece","Cosmote",202,02
20203,"Greece","OTE",202,03
20204,"Greece","EDISY",202,04
20205,"Greece","Vodafone - Panafon",202,05
20206,"Greece","COSMOLINE",202,06
20207,"Greece","AMD TELECOM",202,07
20209,"Greece","WIND",202,09
20210,"Greece","WIND",202,10
29001,"Greenland","Tele Greenland",290,01
29002,"Greenland","inu:it a/s",290,02
352110,"Grenada","Cable & Wireless Grenada ltd trading as lime",352,110
34001,"Guadeloupe","Orange Caraïbe Mobiles",340,01
34002,"Guadeloupe","Outremer Telecom",340,02
34003,"Guadeloupe","Saint Martin et Saint Barthelemy Telcell Sarl",340,03
34008,"Guadeloupe","Dauphin Telecom",340,08
34010,"Guadeloupe","Guadeloupe Téléphone Mobile",340,10
34020,"Guadeloupe","Bouygues Telecom Caraïbe",340,20
70401,"Guatemala","Servicios de Comunicaciones Personales Inalámbricas, S.A. (SERCOM, S.A",704,01
70402,"Guatemala","Comunicaciones Celulares S.A.",704,02
70403,"Guatemala","Telefónica Centroamérica Guatemala S.A.",704,03
61101,"Guinea","Orange Guinée",611,01
61102,"Guinea","Sotelgui",611,02
61105,"Guinea","Cellcom Guinée SA",611,05
63201,"Guinea-Bissau","Guinétel S.A.",632,01
63202,"Guinea-Bissau","Spacetel Guiné-Bissau S.A.",632,02
738002,"Guyana","Guyana Telephone & Telegraph Company Limited (Cellink)",738,002
73801,"Guyana","Cel*Star (Guyana) Inc.",738,01
37201,"Haiti","Comcel",372,01
37202,"Haiti","Digicel",372,02
37203,"Haiti","Rectel",372,03
708001,"Honduras","Megatel",708,001
708002,"Honduras","Celtel",708,002
708040,"Honduras","Digicel Honduras",708,040
45400,"Hong Kong, China","Hong Kong Telecommunications (HKT) Ltd",454,00
45401,"Hong Kong, China","CITIC Telecom International Ltd",454,01
45402,"Hong Kong, China","Hong Kong Telecommunications (HKT) Ltd",454,02
45403,"Hong Kong, China","Hutchison Telephone Company Ltd",454,03
45404,"Hong Kong, China","Hutchison Telephone Company Ltd",454,04
45405,"Hong Kong, China","Hutchison Telephone Company Ltd",454,05
45406,"Hong Kong, China","SmarTone Mobile Communications Ltd",454,06
45407,"Hong Kong, China","China Unicom (Hong Kong) Operations Ltd",454,07
45408,"Hong Kong, China","Truphone (Hong Kong) Ltd",454,08
45409,"Hong Kong, China","China Motion Telecom (HK) Ltd",454,09
45410,"Hong Kong, China","Hong Kong Telecommunications (HKT) Ltd",454,10
45411,"Hong Kong, China","China-Hongkong Telecom Ltd",454,11
45412,"Hong Kong, China","China Mobile Hong Kong Co Ltd",454,12
45413,"Hong Kong, China","China Mobile Hong Kong Co Ltd",454,13
45414,"Hong Kong, China","Hutchison Telephone Company Ltd",454,14
45415,"Hong Kong, China","SmarTone Mobile Communications Ltd",454,15
45416,"Hong Kong, China","Hong Kong Telecommunications (HKT) Ltd",454,16
45417,"Hong Kong, China","SmarTone Mobile Communications Ltd",454,17
45418,"Hong Kong, China","Hong Kong Telecommunications (HKT) Ltd",454,18
45419,"Hong Kong, China","Hong Kong Telecommunications (HKT) Ltd",454,19
45420,"Hong Kong, China","Hong Kong Telecommunications (HKT) Ltd",454,20
45421,"Hong Kong, China","21Vianet Mobile Ltd",454,21
45422,"Hong Kong, China","Delcom (HK) Ltd",454,22
45423,"Hong Kong, China","Lycamobile Hong Kong Ltd",454,23
45424,"Hong Kong, China","Public Mobile Networks/Reserved",454,24
45425,"Hong Kong, China","Public Mobile Networks/Reserved",454,25
45426,"Hong Kong, China","Public Mobile Networks/Reserved",454,26
45427,"Hong Kong, China","Government use",454,27
45428,"Hong Kong, China","Government use",454,28
45429,"Hong Kong, China","Hong Kong Telecommunications (HKT) Ltd",454,29
21601,"Hungary","Telenor Hungary Ltd",216,01
21602,"Hungary","MVM NET Ltd.",216,02
21630,"Hungary","Magyar Telecom Plc",216,30
21670,"Hungary","Vodafone",216,70
21671,"Hungary","UPC Hungary Ltd",216,71
21699,"Hungary","MÁV Co.",216,99
27401,"Iceland","Iceland Telecom Ltd.",274,01
27402,"Iceland","Og fjarskipti hf (Vodafone Iceland)",274,02
27403,"Iceland","Og fjarskipti hf (Vodafone Iceland)",274,03
27404,"Iceland","IMC Islande ehf",274,04
27407,"Iceland","IceCell ehf",274,07
40400,"India","Dishnet Wireless Ltd, Madhya Pradesh",404,00
40401,"India","Aircell Digilink India Ltd., Haryana",404,01
40402,"India","Bharti Airtel Ltd., Punjab",404,02
40403,"India","Bharti Airtel Ltd., H.P.",404,03
40404,"India","Idea Cellular Ltd., Delhi",404,04
40405,"India","Fascel Ltd., Gujarat",404,05
40406,"India","Bharti Airtel Ltd., Karnataka",404,06
40407,"India","Idea Cellular Ltd., Andhra Pradesh",404,07
40409,"India","Reliance Telecom Ltd., Assam",404,09
40410,"India","Bharti Airtel Ltd., Delhi",404,10
40411,"India","Hutchison Essar Mobile Services Ltd, Delhi",404,11
40412,"India","Idea Mobile Communications Ltd., Haryana",404,12
40413,"India","Hutchison Essar South Ltd., Andhra Pradesh",404,13
40414,"India","Spice Communications PVT Ltd., Punjab",404,14
40415,"India","Aircell Digilink India Ltd., UP (East)",404,15
40416,"India","Bharti Airtel Ltd, North East",404,16
40417,"India","Dishnet Wireless Ltd, West Bengal",404,17
40418,"India","Reliance Telecom Ltd., H.P.",404,18
40419,"India","Idea Mobile Communications Ltd., Kerala",404,19
40420,"India","Hutchison Essar Ltd, Mumbai",404,20
40421,"India","BPL Mobile Communications Ltd., Mumbai",404,21
40422,"India","Idea Cellular Ltd., Maharashtra",404,22
40423,"India","Idea Cellular Ltd, Maharashtra",404,23
40424,"India","Idea Cellular Ltd., Gujarat",404,24
40425,"India","Dishnet Wireless Ltd, Bihar",404,25
40427,"India","Hutchison Essar Cellular Ltd., Maharashtra",404,27
40429,"India","Dishnet Wireless Ltd, Assam",404,29
40430,"India","Hutchison Telecom East Ltd, Kolkata",404,30
40431,"India","Bharti Airtel Ltd., Kolkata",404,31
40433,"India","Dishnet Wireless Ltd, North East",404,33
40434,"India","BSNL, Haryana",404,34
40435,"India","Dishnet Wireless Ltd, Himachal Pradesh",404,35
40436,"India","Reliance Telecom Ltd., Bihar",404,36
40437,"India","Dishnet Wireless Ltd, J&K",404,37
40438,"India","BSNL, Assam",404,38
40440,"India","Bharti Airtel Ltd., Chennai",404,40
40441,"India","Aircell Cellular Ltd, Chennai",404,41
40442,"India","Aircel Ltd., Tamil Nadu",404,42
40443,"India","Hutchison Essar Cellular Ltd., Tamil Nadu",404,43
40444,"India","Spice Communications PVT Ltd., Karnataka",404,44
40446,"India","Hutchison Essar Cellular Ltd., Kerala",404,46
40448,"India","Dishnet Wireless Ltd, UP (West)",404,48
40449,"India","Bharti Airtel Ltd., Andra Pradesh",404,49
40450,"India","Reliance Telecom Ltd., North East",404,50
40451,"India","BSNL, H.P.",404,51
40452,"India","Reliance Telecom Ltd., Orissa",404,52
40453,"India","BSNL, Punjab",404,53
40454,"India","BSNL, UP (West)",404,54
40455,"India","BSNL, UP (East)",404,55
40456,"India","Idea Mobile Communications Ltd., UP (West)",404,56
40457,"India","BSNL, Gujarat",404,57
40458,"India","BSNL, Madhya Pradesh",404,58
40459,"India","BSNL, Rajasthan",404,59
40460,"India","Aircell Digilink India Ltd., Rajasthan",404,60
40461,"India","Dishnet Wireless Ltd, Punjab",404,61
40462,"India","BSNL, J&K",404,62
40463,"India","Dishnet Wireless Ltd, Haryana",404,63
40464,"India","BSNL, Chennai",404,64
40465,"India","Dishnet Wireless Ltd, UP (East)",404,65
40466,"India","BSNL, Maharashtra",404,66
40467,"India","Reliance Telecom Ltd., Madhya Pradesh",404,67
40468,"India","MTNL, Delhi",404,68
40469,"India","MTNL, Mumbai",404,69
40470,"India","Bharti Hexacom Ltd, Rajasthan",404,70
40471,"India","BSNL, Karnataka",404,71
40472,"India","BSNL, Kerala",404,72
40473,"India","BSNL, Andhra Pradesh",404,73
40474,"India","BSNL, West Bengal",404,74
40475,"India","BSNL, Bihar",404,75
40476,"India","BSNL, Orissa",404,76
40477,"India","BSNL, North East",404,77
40478,"India","BTA Cellcom Ltd., Madhya Pradesh",404,78
40479,"India","BSNL, Andaman & Nicobar",404,79
40480,"India","BSNL, Tamil Nadu",404,80
40481,"India","BSNL, Kolkata",404,81
40482,"India","Idea Telecommunications Ltd, H.P.",404,82
40483,"India","Reliable Internet Services Ltd., Kolkata",404,83
40484,"India","Hutchison Essar South Ltd., Chennai",404,84
40485,"India","Reliance Telecom Ltd., W.B. & A.N.",404,85
40486,"India","Hutchison Essar South Ltd., Karnataka",404,86
40487,"India","Idea Telecommunications Ltd, Rajasthan",404,87
40488,"India","Hutchison Essar South Ltd, Punjab",404,88
40489,"India","Idea Telecommunications Ltd, UP (East)",404,89
40490,"India","Bharti Airtel Ltd., Maharashtra",404,90
40491,"India","Dishnet Wireless Ltd, Kolkata",404,91
40492,"India","Bharti Airtel Ltd., Mumbai",404,92
40493,"India","Bharti Airtel Ltd., Madhya Pradesh",404,93
40494,"India","Bharti Airtel Ltd., Tamil Nadu",404,94
40495,"India","Bharti Airtel Ltd., Kerala",404,95
40496,"India","Bharti Airtel Ltd., Haryana",404,96
40497,"India","Bharti Airtel Ltd., UP (West)",404,97
40498,"India","Bharti Airtel Ltd., Gujarat",404,98
40499,"India","Dishnet Wireless Ltd, Kerala",404,99
405000,"India","Shyam Telelink Ltd, Rajasthan",405,000
405005,"India","Reliance Communications Ltd/GSM, Delhi",405,005
405006,"India","Reliance Communications Ltd/GSM, Gujarat",405,006
405007,"India","Reliance Communications Ltd/GSM, Haryana",405,007
405009,"India","Reliance Communications Ltd/GSM, J&K",405,009
405010,"India","Reliance Communications Ltd,/GSM Karnataka",405,010
405011,"India","Reliance Communications Ltd/GSM, Kerala",405,011
405012,"India","Reliance Infocomm Ltd, Andhra Pradesh",405,012
405013,"India","Reliance Communications Ltd/GSM, Maharashtra",405,013
405014,"India","Reliance Communications Ltd/GSM, Madhya Pradesh",405,014
405018,"India","Reliance Communications Ltd/GSM, Punjab",405,018
405020,"India","Reliance Communications Ltd/GSM, Tamilnadu",405,020
405021,"India","Reliance Communications Ltd/GSM, UP (East)",405,021
405022,"India","Reliance Communications Ltd/GSM, UP (West)",405,022
405025,"India","Tata Teleservices Ltd/GSM, Andhra Pradesh",405,025
405027,"India","Tata Teleservices Ltd,/GSM Bihar",405,027
405029,"India","Tata Teleservices Ltd/GSM, Delhi",405,029
405030,"India","Tata Teleservices Ltd/GSM, Gujarat",405,030
405031,"India","Tata Teleservices Ltd/GSM, Haryana",405,031
405032,"India","Tata Teleservices Ltd/GSM, Himachal Pradesh",405,032
405033,"India","Reliance Infocomm Ltd, Bihar",405,033
405034,"India","Tata Teleservices Ltd/GSM, Kamataka",405,034
405035,"India","Tata Teleservices Ltd/GSM, Kerala",405,035
405036,"India","Tata Teleservices Ltd/GSM, Kolkata",405,036
405037,"India","Tata Teleservices Ltd/GSM, Maharashtra",405,037
405038,"India","Tata Teleservices Ltd/GSM, Madhya Pradesh",405,038
405039,"India","Tata Teleservices Ltd/GSM, Mumbai",405,039
405040,"India","Reliance Infocomm Ltd, Chennai",405,040
405041,"India","Tata Teleservices Ltd/GSM, Orissa",405,041
405042,"India","Tata Teleservices Ltd/GSM, Punjab",405,042
405043,"India","Tata Teleservices Ltd/GSM, Rajasthan",405,043
405044,"India","Tata Teleservices Ltd/GSM, Tamilnadu",405,044
405045,"India","Tata Teleservices Ltd/GSM, UP (East)",405,045
405046,"India","Tata Teleservices Ltd/GSM, UP (West)",405,046
405047,"India","Tata Teleservices Ltd/GSM, West Bengal",405,047
40508,"India","Reliance Infocomm Ltd, Himachal Pradesh",405,08
40512,"India","Reliance Infocomm Ltd, Kolkata",405,12
40515,"India","Reliance Infocomm Ltd, Mumbai",405,15
40517,"India","Reliance Infocomm Ltd, Orissa",405,17
40523,"India","Reliance Infocomm Ltd, West bengal",405,23
40528,"India","Tata Teleservices Ltd, Chennai",405,28
40552,"India","Bharti Airtel Ltd, Bihar",405,52
40553,"India","Bharti Airtel Ltd, Orissa",405,53
40554,"India","Bharti Airtel Ltd, UP (East)",405,54
40555,"India","Bharti Airtel Ltd, J&K",405,55
40556,"India","Bharti Airtel Ltd, Assam",405,56
40566,"India","Hutchison Essar South Ltd, UP (West)",405,66
40567,"India","Hutchison Essar South Ltd, Orissa",405,67
40568,"India","Vodaphone/Hutchison, Madhya Pradesh",405,68
40570,"India","Aditya Birla Telecom Ltd, Bihar",405,70
40571,"India","Essar Spacetel Ltd, Himachal Pradesh",405,71
40572,"India","Essar Spacetel Ltd, North East",405,72
40573,"India","Essar Spacetel Ltd, Assam",405,73
40574,"India","Essar Spacetel Ltd, J&K",405,74
405750,"India","Vodafone Essar Spacetel Ltd, J&K",405,750
405751,"India","Vodafone Essar Spacetel Ltd, Assam",405,751
405752,"India","Vodafone Essar Spacetel Ltd, Bihar",405,752
405753,"India","Vodafone Essar Spacetel Ltd, Orissa",405,753
405754,"India","Vodafone Essar Spacetel Ltd, Himachal Pradesh",405,754
405755,"India","Vodafone Essar Spacetel Ltd, North East",405,755
40576,"India","Essar Spacetel Ltd, Orissa",405,76
40577,"India","Essar Spacetel Ltd, Maharashtra",405,77
405799,"India","Idea Cellular Ltd, MUMBAI",405,799
405800,"India","Aircell Ltd, Delhi",405,800
405801,"India","Aircell Ltd, Andhra Pradesh",405,801
405802,"India","Aircell Ltd, Gujarat",405,802
405803,"India","Aircell Ltd, Kamataka",405,803
405804,"India","Aircell Ltd, Maharashtra",405,804
405805,"India","Aircell Ltd, Mumbai",405,805
405806,"India","Aircell Ltd, Rajasthan",405,806
405807,"India","Dishnet Wireless Ltd, Haryana",405,807
405808,"India","Dishnet Wireless Ltd, Madhya Pradesh",405,808
405809,"India","Dishnet Wireless Ltd, Kerala",405,809
40581,"India","Aircell Ltd, Delhi",405,81
40582,"India","Aircell Ltd, Andhra Pradesh",405,82
40583,"India","Aircell Ltd, Gujarat",405,83
40584,"India","Aircell Ltd, Maharashtra",405,84
40585,"India","Aircell Ltd, Mumbai",405,85
40586,"India","Aircell Ltd, Rajasthan",405,86
51000,"Indonesia","PSN",510,00
51001,"Indonesia","Satelindo",510,01
51008,"Indonesia","Natrindo (Lippo Telecom)",510,08
51010,"Indonesia","Telkomsel",510,10
51011,"Indonesia","Excelcomindo",510,11
51021,"Indonesia","Indosat - M3",510,21
51028,"Indonesia","Komselindo",510,28
43211,"Iran (Islamic Republic of)","Telecommunication Company of Iran (TCI)",432,11
43214,"Iran (Islamic Republic of)","Telecommunication Kish Co. (KIFZO)",432,14
43219,"Iran (Islamic Republic of)","Telecommunication Company of Iran (TCI) - Isfahan Celcom GSM",432,19
41805,"Iraq","Asia Cell",418,05
41820,"Iraq","Zain Iraq (previously Atheer)",418,20
41830,"Iraq","Zain Iraq (previously Iraqna)",418,30
41840,"Iraq","Korek Telecom",418,40
41847,"Iraq","Iraq Central Cooperative Association for Communication and Transportation",418,47
41848,"Iraq","ITC Fanoos",418,48
41849,"Iraq","Iraqtel",418,49
41862,"Iraq","Itisaluna",418,62
41870,"Iraq","Kalimat",418,70
41880,"Iraq","Iraqi Telecommunications & Post Company (ITPC)",418,80
41881,"Iraq","ITPC (Al-Mazaya)",418,81
41883,"Iraq","ITPC (Sader Al-Iraq)",418,83
41884,"Iraq","ITPC (Eaamar Albasrah)",418,84
41885,"Iraq","ITPC (Anwar Yagotat Alkhalee)",418,85
41886,"Iraq","ITPC (Furatfone)",418,86
41887,"Iraq","ITPC (Al-Seraj)",418,87
41888,"Iraq","ITPC (High Link)",418,88
41889,"Iraq","ITPC (Al-Shams)",418,89
41891,"Iraq","ITPC (Belad Babel)",418,91
41892,"Iraq","ITPC (Al Nakheel)",418,92
41893,"Iraq","ITPC (Iraqcell)",418,93
41894,"Iraq","ITPC (Shaly)",418,94
27201,"Ireland","Vodafone Ireland Plc",272,01
27202,"Ireland","Telefonica Ltd",272,02
27203,"Ireland","Meteor Mobile Communications Ltd.",272,03
27207,"Ireland","Eircom",272,07
27209,"Ireland","Clever Communications Ltd.",272,09
42501,"Israel","Partner Communications Co. Ltd.",425,01
42502,"Israel","Cellcom Israel Ltd",425,02
42503,"Israel","Pelephone Communications Ltd",425,03
42504,"Israel","Globalsim Ltd",425,04
42506,"Israel","Wataniya",425,06
42507,"Israel","Mirs Ltd",425,07
42508,"Israel","Golan Telecom Ltd",425,08
42511,"Israel","365 Telecom (MVNO)",425,11
42512,"Israel","Free Telecom (MVNO)",425,12
42513,"Israel","Ituran Cellular Communications",425,13
42514,"Israel","Alon Cellular Ltd.",425,14
42515,"Israel","Home Cellular (MVNO)",425,15
42516,"Israel","Rami Levi (MVNO)",425,16
42517,"Israel","Gale Phone (MVNO)",425,17
42518,"Israel","Cellact Communications Ltd (MVNO)",425,18
42519,"Israel","Azi Communications Ltd",425,19
42520,"Israel","Bezeq Ltd",425,20
42521,"Israel","B.I.P Communications Ltd.",425,21
42523,"Israel","Beezz Communication Solutions Ltd.",425,23
42524,"Israel","012 Telecom Ltd.",425,24
42525,"Israel","IMOD",425,25
22201,"Italy","Telecom Italia Mobile (TIM)",222,01
22202,"Italy","Elsacom",222,02
22210,"Italy","Omnitel Pronto Italia (OPI)",222,10
22277,"Italy","IPSE 2000",222,77
22288,"Italy","Wind",222,88
22298,"Italy","Blu",222,98
22299,"Italy","H3G",222,99
338020,"Jamaica","Cable & Wireless Jamaica Ltd.",338,020
338050,"Jamaica","Digicel (Jamaica) Ltd.",338,050
338110,"Jamaica","Cable & Wireless Jamaica Ltd.",338,110
44001,"Japan","NTT DoCoMo Inc.",440,01
44002,"Japan","NTT DoCoMo Kansai Inc.",440,02
44003,"Japan","NTT DoCoMo Hokuriku Inc.",440,03
44004,"Japan","Vodafone",440,04
44006,"Japan","Vodafone",440,06
44007,"Japan","KDDI Corporation",440,07
44008,"Japan","KDDI Corporation",440,08
44009,"Japan","NTT DoCoMo Kansai Inc.",440,09
44010,"Japan","NTT DoCoMo Kansai Inc.",440,10
44011,"Japan","NTT DoCoMo Tokai Inc.",440,11
44012,"Japan","NTT DoCoMo Inc.",440,12
44013,"Japan","NTT DoCoMo Inc.",440,13
44014,"Japan","NTT DoCoMo Tohoku Inc.",440,14
44015,"Japan","NTT DoCoMo Inc.",440,15
44016,"Japan","NTT DoCoMo Inc.",440,16
44017,"Japan","NTT DoCoMo Inc.",440,17
44018,"Japan","NTT DoCoMo Tokai Inc.",440,18
44019,"Japan","NTT DoCoMo Hokkaido Inc.",440,19
44020,"Japan","NTT DoCoMo Hokuriku Inc.",440,20
44021,"Japan","NTT DoCoMo Inc.",440,21
44022,"Japan","NTT DoCoMo Kansai Inc.",440,22
44023,"Japan","NTT DoCoMo Tokai Inc.",440,23
44024,"Japan","NTT DoCoMo Chugoku Inc.",440,24
44025,"Japan","NTT DoCoMo Hokkaido Inc.",440,25
44026,"Japan","NTT DoCoMo Kyushu Inc.",440,26
44027,"Japan","NTT DoCoMo Tohoku Inc.",440,27
44028,"Japan","NTT DoCoMo Shikoku Inc.",440,28
44029,"Japan","NTT DoCoMo Inc.",440,29
44030,"Japan","NTT DoCoMo Inc.",440,30
44031,"Japan","NTT DoCoMo Kansai Inc.",440,31
44032,"Japan","NTT DoCoMo Inc.",440,32
44033,"Japan","NTT DoCoMo Tokai Inc.",440,33
44034,"Japan","NTT DoCoMo Kyushu Inc.",440,34
44035,"Japan","NTT DoCoMo Kansai Inc.",440,35
44036,"Japan","NTT DoCoMo Inc.",440,36
44037,"Japan","NTT DoCoMo Inc.",440,37
44038,"Japan","NTT DoCoMo Inc.",440,38
44039,"Japan","NTT DoCoMo Inc.",440,39
44040,"Japan","Vodafone",440,40
44041,"Japan","Vodafone",440,41
44042,"Japan","Vodafone",440,42
44043,"Japan","Vodafone",440,43
44044,"Japan","Vodafone",440,44
44045,"Japan","Vodafone",440,45
44046,"Japan","Vodafone",440,46
44047,"Japan","Vodafone",440,47
44048,"Japan","Vodafone",440,48
44049,"Japan","NTT DoCoMo Inc.",440,49
44050,"Japan","KDDI Corporation",440,50
44051,"Japan","KDDI Corporation",440,51
44052,"Japan","KDDI Corporation",440,52
44053,"Japan","KDDI Corporation",440,53
44054,"Japan","KDDI Corporation",440,54
44055,"Japan","KDDI Corporation",440,55
44056,"Japan","KDDI Corporation",440,56
44058,"Japan","NTT DoCoMo Kansai Inc.",440,58
44060,"Japan","NTT DoCoMo Kansai Inc.",440,60
44061,"Japan","NTT DoCoMo Chugoku Inc.",440,61
44062,"Japan","NTT DoCoMo Kyushu Inc.",440,62
44063,"Japan","NTT DoCoMo Inc.",440,63
44064,"Japan","NTT DoCoMo Inc.",440,64
44065,"Japan","NTT DoCoMo Shikoku Inc.",440,65
44066,"Japan","NTT DoCoMo Inc.",440,66
44067,"Japan","NTT DoCoMo Tohoku Inc.",440,67
44068,"Japan","NTT DoCoMo Kyushu Inc.",440,68
44069,"Japan","NTT DoCoMo Inc.",440,69
44070,"Japan","KDDI Corporation",440,70
44071,"Japan","KDDI Corporation",440,71
44072,"Japan","KDDI Corporation",440,72
44073,"Japan","KDDI Corporation",440,73
44074,"Japan","KDDI Corporation",440,74
44075,"Japan","KDDI Corporation",440,75
44076,"Japan","KDDI Corporation",440,76
44077,"Japan","KDDI Corporation",440,77
44078,"Japan","Okinawa Cellular Telephone",440,78
44079,"Japan","KDDI Corporation",440,79
44080,"Japan","TU-KA Cellular Tokyo Inc.",440,80
44081,"Japan","TU-KA Cellular Tokyo Inc.",440,81
44082,"Japan","TU-KA Phone Kansai Inc.",440,82
44083,"Japan","TU-KA Cellular Tokai Inc.",440,83
44084,"Japan","TU-KA Phone Kansai Inc.",440,84
44085,"Japan","TU-KA Cellular Tokai Inc.",440,85
44086,"Japan","TU-KA Cellular Tokyo Inc.",440,86
44087,"Japan","NTT DoCoMo Chugoku Inc.",440,87
44088,"Japan","KDDI Corporation",440,88
44089,"Japan","KDDI Corporation",440,89
44090,"Japan","Vodafone",440,90
44092,"Japan","Vodafone",440,92
44093,"Japan","Vodafone",440,93
44094,"Japan","Vodafone",440,94
44095,"Japan","Vodafone",440,95
44096,"Japan","Vodafone",440,96
44097,"Japan","Vodafone",440,97
44098,"Japan","Vodafone",440,98
44099,"Japan","NTT DoCoMo Inc.",440,99
44140,"Japan","NTT DoCoMo Inc.",441,40
44141,"Japan","NTT DoCoMo Inc.",441,41
44142,"Japan","NTT DoCoMo Inc.",441,42
44143,"Japan","NTT DoCoMo Kansai Inc.",441,43
44144,"Japan","NTT DoCoMo Chugoku Inc.",441,44
44145,"Japan","NTT DoCoMo Shikoku Inc.",441,45
44150,"Japan","TU-KA Cellular Tokyo Inc.",441,50
44151,"Japan","TU-KA Phone Kansai Inc.",441,51
44161,"Japan","Vodafone",441,61
44162,"Japan","Vodafone",441,62
44163,"Japan","Vodafone",441,63
44164,"Japan","Vodafone",441,64
44165,"Japan","Vodafone",441,65
44170,"Japan","KDDI Corporation",441,70
44190,"Japan","NTT DoCoMo Inc.",441,90
44191,"Japan","NTT DoCoMo Inc.",441,91
44192,"Japan","NTT DoCoMo Inc.",441,92
44193,"Japan","NTT DoCoMo Hokkaido Inc.",441,93
44194,"Japan","NTT DoCoMo Tohoku Inc.",441,94
44198,"Japan","NTT DoCoMo Kyushu Inc.",441,98
44199,"Japan","NTT DoCoMo Kyushu Inc.",441,99
41601,"Jordan","Fastlink",416,01
41602,"Jordan","Xpress",416,02
41603,"Jordan","Umniah",416,03
41677,"Jordan","MobileCom",416,77
40101,"Kazakhstan","Kar-Tel llc",401,01
40102,"Kazakhstan","TSC Kazak Telecom",401,02
63902,"Kenya","Safaricom Limited",639,02
63903,"Kenya","Kencell Communications Ltd.",639,03
45002,"Korea (Rep. of)","KT Freetel",450,02
45003,"Korea (Rep. of)","SK Telecom",450,03
45006,"Korea (Rep. of)","LG UPLUS",450,06
41902,"Kuwait","ZAIN",419,02
41903,"Kuwait","Wataniya Telecom",419,03
41904,"Kuwait","Viva",419,04
43701,"Kyrgyzstan","Bitel GSM",437,01
45701,"Lao P.D.R.","Lao Telecommunications",457,01
45702,"Lao P.D.R.","ETL Mobile",457,02
45708,"Lao P.D.R.","Millicom",457,08
24701,"Latvia","Latvijas Mobilais Telefons SIA",247,01
24702,"Latvia","Tele2",247,02
24703,"Latvia","Telekom Baltija",247,03
24704,"Latvia","Beta Telecom",247,04
24705,"Latvia","Bite Mobile",247,05
24706,"Latvia","Rigatta",247,06
24707,"Latvia","Master Telecom",247,07
24708,"Latvia","IZZI",247,08
24709,"Latvia","SIA "Camel Mobile"",247,09
41505,"Lebanon","Ogero Telecom",415,05
41532,"Lebanon","Cellis",415,32
41533,"Lebanon","Cellis",415,33
41534,"Lebanon","Cellis",415,34
41535,"Lebanon","Cellis",415,35
41536,"Lebanon","Libancell",415,36
41537,"Lebanon","Libancell",415,37
41538,"Lebanon","Libancell",415,38
41539,"Lebanon","Libancell",415,39
65101,"Lesotho","Vodacom Lesotho (pty) Ltd.",651,01
65102,"Lesotho","Econet Ezin-cel",651,02
61804,"Liberia","Comium Liberia",618,04
22801,"Liechtenstein","Swisscom Schweiz AG",228,01
29501,"Liechtenstein","Swisscom Schweiz AG",295,01
29502,"Liechtenstein","Salt (Liechtenstein) AG",295,02
29505,"Liechtenstein","Telecom Liechtenstein AG",295,05
29506,"Liechtenstein","Cubic AG",295,06
29507,"Liechtenstein","First Mobile AG",295,07
29509,"Liechtenstein","Emnify GmbH",295,09
24601,"Lithuania","Omnitel",246,01
24602,"Lithuania","Bité GSM",246,02
24603,"Lithuania","Tele2",246,03
27001,"Luxembourg","P&T Luxembourg",270,01
27002,"Luxembourg","MTX Connect S.à r.l.",270,02
27010,"Luxembourg","BLUE COMMUNICATIONS",270,10
27077,"Luxembourg","Tango",270,77
27078,"Luxembourg","Interactive Digital Media (IDM)",270,78
27099,"Luxembourg","Voxmobile S.A.",270,99
45500,"Macao, China","SmarTone – Comunicações Móveis, S.A.",455,00
45501,"Macao, China","Companhia de Telecomunicações de Macau, S.A.R.L.",455,01
45502,"Macao, China","China Telecom (Macau) Limitada",455,02
45503,"Macao, China","Hutchison – Telefone (Macau), Limitada",455,03
45504,"Macao, China","Companhia de Telecomunicações de Macau, S.A.R.L.",455,04
45505,"Macao, China","Hutchison – Telefone (Macau), Limitada",455,05
45506,"Macao, China","SmarTone – Comunicações Móveis, S.A.",455,06
45507,"Macao, China","China Telecom (Macau) Limitada",455,07
64601,"Madagascar","Celtel Madagascar (Zain), GSM",646,01
64602,"Madagascar","Orange Madagascar, GSM",646,02
64604,"Madagascar","Telecom Malagasy Mobile, GSM",646,04
65001,"Malawi","Telekom Network Ltd.",650,01
65010,"Malawi","Celtel ltd.",650,10
50210,"Malaysia","DIGI Telecommunications",502,10
50212,"Malaysia","Malaysian Mobile Services Sdn Bhd",502,12
50213,"Malaysia","Celcom (Malaysia) Berhad",502,13
50214,"Malaysia","Telekom Malaysia Berhad",502,14
50216,"Malaysia","DIGI Telecommunications",502,16
50217,"Malaysia","Malaysian Mobile Services Sdn Bhd",502,17
50218,"Malaysia","U Mobile Sdn. Bhd.",502,18
50219,"Malaysia","Celcom (Malaysia) Berhad",502,19
50220,"Malaysia","Electcoms Wireless Sdn Bhd",502,20
47201,"Maldives","DhiMobile",472,01
61001,"Mali","Malitel",610,01
27801,"Malta","Vodafone Malta",278,01
27811,"Malta","YOM",278,11
27821,"Malta","go mobile",278,21
27830,"Malta","GO Mobile",278,30
27877,"Malta","3G Telecommunications Ltd",278,77
34012,"Martinique","Martinique Téléphone Mobile",340,12
60901,"Mauritania","Mattel S.A.",609,01
60902,"Mauritania","Chinguitel S.A.",609,02
60910,"Mauritania","Mauritel Mobiles",609,10
61701,"Mauritius","Cellplus",617,01
61702,"Mauritius","Mahanagar Telephone (Mauritius) Ltd.",617,02
61703,"Mauritius","Mahanagar Telephone (Mauritius) Ltd.",617,03
61710,"Mauritius","Emtel",617,10
334001,"Mexico","COMUNICACIONES DIGITALES DEL NORTE, S.A. DE C.V",334,001
334010,"Mexico","NII DIGITAL, S. DE R.L. DE C.V.",334,010
334020,"Mexico","RADIOMOVIL DIPSA, S.A. DE C.V.",334,020
334030,"Mexico","PEGASO COMUNICACIONES Y SISTEMAS, S.A. DE C.V.",334,030
334040,"Mexico","IUSACELL PCS DE MEXICO, S.A. DE  C.V.",334,040
334050,"Mexico","5 operators: 1-COMUNICACIONES CELULARES DE OCCIDENTE, S.A. DE C.V.| 2-SISTEMAS TELEFÓNICOS PORTÁTILES CELULARES, S.A. DE C.V.| 3-TELECOMUNICACIONES DEL GOLFO, S.A. DE C.V.| 4-SOS TELECOMUNICACIONES, S.A. DE C.V.| 5-PORTATEL DEL SURESTE, S.A. DE C.V.",334,050
334060,"Mexico","SERVICIOS DE ACCESO INALAMBRICO, S.A DE C.V.",334,060
334066,"Mexico","TELÉFONOS DE MÉXICO, S.A.B. DE C.V",334,066
334070,"Mexico","OPERADORA UNEFON, S. A. DE C.V.",334,070
334080,"Mexico","OPERADORA UNEFON, S. A. DE C.V.",334,080
334090,"Mexico","NII DIGITAL, S. DE R.L. DE C.V.",334,090
55001,"Micronesia","FSM Telecom",550,01
25901,"Moldova (Republic of)","Orange Moldova GSM",259,01
25902,"Moldova (Republic of)","Moldcell GSM",259,02
25905,"Moldova (Republic of)","J.S.C. Moldtelecom/3G UMTS (W-CDMA)",259,05
25999,"Moldova (Republic of)","J.S.C. Moldtelecom",259,99
42899,"Mongolia","Mobicom",428,99
29701,"Montenegro","Telenor Montenegro",297,01
29702,"Montenegro","Crnogorski Telekom",297,02
29703,"Montenegro","Mtel Montenegro",297,03
354860,"Montserrat","Cable & Wireless (West Indies) Ltd trading as Lime",354,860
60400,"Morocco","Méditélécom (GSM)",604,00
60401,"Morocco","Ittissalat Al Maghrid",604,01
64301,"Mozambique","T.D.M. GSM",643,01
64303,"Mozambique","Movitel",643,03
64304,"Mozambique","VM Sarl",643,04
41401,"Myanmar","Myanmar Post and Telecommunication",414,01
64901,"Namibia","Mobile Telecommunications Ltd.",649,01
64902,"Namibia","Telecom Namibia",649,02
64903,"Namibia","Powercom Pty Ltd (leo)",649,03
64904,"Namibia","Paratus Telecommunications (Pty)",649,04
54202,"Nauru","Digicel (Fiji) Ltd",542,02
42901,"Nepal","Nepal Telecommunications",429,01
20401,"Netherlands","RadioAccess Network Services B.V.",204,01
20402,"Netherlands","Tele2 Nederland B.V.",204,02
20403,"Netherlands","Voiceworks B.V.",204,03
20404,"Netherlands","Vodafone Libertel B.V.",204,04
20405,"Netherlands","Elephant Talk Communications Premium Rate Services",204,05
20406,"Netherlands","Mundio Mobile (Netherlands) Ltd",204,06
20407,"Netherlands","Teleena holding B.V.",204,07
20408,"Netherlands","KPN Mobile The Netherlands B.V.",204,08
20409,"Netherlands","Lycamobile Netherlands Limited",204,09
20410,"Netherlands","KPN B.V.",204,10
20412,"Netherlands","KPN B.V.",204,12
20413,"Netherlands","Unica Installatietechniek B.V.",204,13
20415,"Netherlands","Ziggo B.V.",204,15
20416,"Netherlands","T-Mobile Netherlands B.V.",204,16
20417,"Netherlands","Intercity Mobile Communications B.V.",204,17
20418,"Netherlands","UPC Nederland B.V.",204,18
20419,"Netherlands","Mixe Communication Solutions B.V.",204,19
20420,"Netherlands","T-Mobile Netherlands B.V.",204,20
20421,"Netherlands","ProRail B.V.",204,21
20422,"Netherlands","Ministerie van Defensie",204,22
20423,"Netherlands","ASpider Solutions Nederland B.V.",204,23
20424,"Netherlands","Private Mobility Nederland B.V.",204,24
20425,"Netherlands","CAPX B.V.",204,25
20426,"Netherlands","SpeakUp B.V.",204,26
20428,"Netherlands","Lancelot B.V.",204,28
20429,"Netherlands","Private Mobile Ltd",204,29
20460,"Netherlands","Nextgen Mobile Ltd",204,60
20461,"Netherlands","BodyTrace Netherlands B.V.",204,61
20464,"Netherlands","Zetacom B.V.",204,64
20465,"Netherlands","AGMS Netherlands B.V.",204,65
20466,"Netherlands","Utility Connect B.V.",204,66
20467,"Netherlands","RadioAccess B.V.",204,67
20468,"Netherlands","Roamware (Netherlands) B.V.",204,68
20469,"Netherlands","KPN Mobile The Netherlands B.V.",204,69
54601,"New Caledonia","OPT Mobilis",546,01
53000,"New Zealand","Reserved for AMPS MIN based IMSI's",530,00
53001,"New Zealand","Vodafone New Zealand GSM Network",530,01
53002,"New Zealand","Teleom New Zealand CDMA Network",530,02
53003,"New Zealand","Woosh Wireless - CDMA Network",530,03
53004,"New Zealand","TelstraClear - GSM Network",530,04
53005,"New Zealand","Telecom New Zealand - UMTS Ntework",530,05
53006,"New Zealand","FX Networks Ltd",530,06
53007,"New Zealand","Bluereach Limited",530,07
53024,"New Zealand","NZ Communications - UMTS Network",530,24
71021,"Nicaragua","Empresa Nicaragüense de Telecomunicaciones, S.A. (ENITEL)",710,21
71073,"Nicaragua","Servicios de Comunicaciones, S.A. (SERCOM)",710,73
61401,"Niger","Sahel.Com",614,01
61402,"Niger","Celtel",614,02
61403,"Niger","Telecel",614,03
62120,"Nigeria","Econet Wireless Nigeria Ltd.",621,20
62130,"Nigeria","MTN Nigeria Communications",621,30
62140,"Nigeria","MTEL",621,40
62150,"Nigeria","Globacom",621,50
62160,"Nigeria","EMTS",621,60
55501,"Niue","Telecom Niue",555,01
24201,"Norway","Telenor Norge AS",242,01
24202,"Norway","NetCom AS",242,02
24203,"Norway","Teletopia Gruppen AS",242,03
24204,"Norway","Tele2 Norge AS",242,04
24205,"Norway","Network Norway AS",242,05
24207,"Norway","Ventelo Bedrift AS",242,07
24208,"Norway","TDC AS",242,08
24209,"Norway","Com4 AS",242,09
24210,"Norway","Post-og teletilsynet",242,10
24211,"Norway","Systemnet AS",242,11
24212,"Norway","Telenor Norge AS",242,12
24220,"Norway","Jernbaneverket",242,20
24221,"Norway","Jernbaneverket",242,21
24222,"Norway","Network Norway AS",242,22
24223,"Norway","Lycamobile Norway Ltd",242,23
24224,"Norway","Mobile Norway AS",242,24
42202,"Oman","Oman Mobile Telecommunications Company (Oman Mobile)",422,02
42203,"Oman","Oman Qatari Telecommunications Company (Nawras)",422,03
42204,"Oman","Oman Telecommunications Company (Omantel)",422,04
41001,"Pakistan","Mobilink",410,01
41003,"Pakistan","PAK Telecom Mobile Ltd. (UFONE)",410,03
41004,"Pakistan","CMPak",410,04
41006,"Pakistan","Telenor Pakistan",410,06
41007,"Pakistan","Warid Telecom",410,07
55201,"Palau","Palau National Communications Corp. (a.k.a. PNCC)",552,01
71401,"Panama","Cable & Wireless Panama S.A.",714,01
71402,"Panama","BSC de Panama S.A.",714,02
714020,"Panama","Telefónica Móviles Panamá S.A.",714,020
71403,"Panama","Claro Panamá, S.A.",714,03
71404,"Panama","Digicel (Panamá), S.A.",714,04
53701,"Papua New Guinea","Bmobile",537,01
53702,"Papua New Guinea","Telikom PNG Ltd",537,02
53703,"Papua New Guinea","Digicel Ltd",537,03
74401,"Paraguay","Hóla Paraguay S.A.",744,01
74402,"Paraguay","Hutchison Telecom S.A.",744,02
74403,"Paraguay","Compañia Privada de Comunicaciones S.A.",744,03
71610,"Peru","TIM Peru",716,10
51501,"Philippines","Islacom",515,01
51502,"Philippines","Globe Telecom",515,02
51503,"Philippines","Smart Communications",515,03
51505,"Philippines","Digitel",515,05
26001,"Poland","Plus / Polkomtel S.A.",260,01
26002,"Poland","T-Mobile / PTC S.A.",260,02
26003,"Poland","Orange / PTK Centertel Sp. z o.o.",260,03
26004,"Poland","LTE / CenterNet S.A.",260,04
26005,"Poland","Orange(UMTS) / PTK Centertel Sp. z o.o.",260,05
26006,"Poland","Play / P4 Sp. z o.o.",260,06
26007,"Poland","Netia / Netia S.A.",260,07
26008,"Poland","E-Telko / E-Telko Sp. z o.o.",260,08
26009,"Poland","Lycamobile / Lycamobile Sp. z o.o.",260,09
26010,"Poland","Sferia / Sferia S.A.",260,10
26011,"Poland","Nordisk Polska / Nordisk Polska Sp. z o.o.",260,11
26012,"Poland","Cyfrowy Polsat / Cyfrowy Polsat S.A.",260,12
26013,"Poland","Sferia / Sferia S.A.",260,13
26014,"Poland","Sferia / Sferia S.A.",260,14
26015,"Poland","CenterNet / CenterNet S.A.",260,15
26016,"Poland","Mobyland / Mobyland Sp. z o.o.",260,16
26017,"Poland","Aero 2 / Aero 2 Sp. z o.o.",260,17
26018,"Poland","AMD Telecom / AMD Telecom S.A.",260,18
26019,"Poland","Teleena / Teleena Holding BV",260,19
26020,"Poland","Mobile.Net / Mobile.Net Sp. z o.o.",260,20
26021,"Poland","Exteri / Exteri Sp. z o.o.",260,21
26022,"Poland","Arcomm / Arcomm Sp. z o.o.",260,22
26023,"Poland","Amicomm / Amicomm Sp. z o.o.",260,23
26024,"Poland","WideNet / WideNet Sp. z o.o.",260,24
26025,"Poland","BS&T / Best Solutions & Technology Sp. z o.o.",260,25
26026,"Poland","ATE / ATE-Advanced Technology & Experience Sp. z o.o.",260,26
26027,"Poland","Intertelcom / Intertelcom Sp. z o.o.",260,27
26028,"Poland","PhoneNet / PhoneNet Sp. z o.o.",260,28
26029,"Poland","Interfonica / Interfonica Sp. z o.o.",260,29
26030,"Poland","GrandTel / GrandTel Sp. z o.o.",260,30
26031,"Poland","Phone IT / Phone IT Sp. z o.o.",260,31
26032,"Poland","Compatel Ltd / COMPATEL LIMITED",260,32
26033,"Poland","Truphone Poland / Truphone Poland Sp. Z o.o.",260,33
26034,"Poland","T-Mobile / PTC S.A.",260,34
26098,"Poland","Play (testowy) / P4 Sp. z o.o.",260,98
26801,"Portugal","Vodafone Telecel - Comunicaçôes Pessoais, S.A.",268,01
26803,"Portugal","Optimus - Telecomunicaçôes, S.A.",268,03
26805,"Portugal","Oniway - Inforcomunicaçôes, S.A.",268,05
26806,"Portugal","TMN - Telecomunicaçôes Movéis Nacionais, S.A.",268,06
42701,"Qatar","QATARNET",427,01
42706,"Qatar","Ooredoo Q.S.C./MOI LTE",427,06
22601,"Romania","Vodafone",226,01
22602,"Romania","Romtelecom",226,02
22603,"Romania","Cosmote",226,03
22604,"Romania","Cosmote",226,04
22605,"Romania","Digi.Mobil",226,05
22606,"Romania","Cosmote",226,06
22610,"Romania","Orange",226,10
22611,"Romania","Enigma-System",226,11
25001,"Russian Federation","Mobile Telesystems",250,01
25002,"Russian Federation","Megafon",250,02
25003,"Russian Federation","Nizhegorodskaya Cellular Communications",250,03
25004,"Russian Federation","Sibchallenge",250,04
25005,"Russian Federation","Mobile Comms System",250,05
25007,"Russian Federation","BM Telecom",250,07
25010,"Russian Federation","Don Telecom",250,10
25011,"Russian Federation","Orensot",250,11
25012,"Russian Federation","Baykal Westcom",250,12
25013,"Russian Federation","Kuban GSM",250,13
25016,"Russian Federation","New Telephone Company",250,16
25017,"Russian Federation","Ermak RMS",250,17
25019,"Russian Federation","Volgograd Mobile",250,19
25020,"Russian Federation","ECC",250,20
25028,"Russian Federation","Extel",250,28
25039,"Russian Federation","Uralsvyazinform",250,39
25044,"Russian Federation","Stuvtelesot",250,44
25092,"Russian Federation","Printelefone",250,92
25093,"Russian Federation","Telecom XXI",250,93
25099,"Russian Federation","Beeline",250,99
63510,"Rwanda","MTN Rwandacell",635,10
63513,"Rwanda","TIGO RWANDA LTD",635,13
63514,"Rwanda","AIRTEL RWANDA Ltd",635,14
63517,"Rwanda","Olleh Rwanda Networks (ORN)",635,17
65801,"Saint Helena, Ascension and Tristan da Cunha","Sure South Atlantic Ltd. (Ascension)",658,01
356110,"Saint Kitts and Nevis","Cable & Wireless St Kitts & Nevis Ltd trading as Lime",356,110
358110,"Saint Lucia","Cable & Wireless (St Lucia) Ltd trading as Lime",358,110
30801,"Saint Pierre and Miquelon","St. Pierre-et-Miquelon Télécom",308,01
360110,"Saint Vincent and the Grenadines","Cable & Wireless St Vincent and the Grenadines Ltd trading as lime",360,110
54901,"Samoa","Telecom Samoa Cellular Ltd.",549,01
54927,"Samoa","GoMobile SamoaTel Ltd",549,27
29201,"San Marino","Prima San Marino / San Marino Telecom",292,01
62601,"Sao Tome and Principe","Companhia Santomese de Telecomunicações",626,01
42001,"Saudi Arabia","Saudi Telecom",420,01
42003,"Saudi Arabia","Etihad Etisalat Company (Mobily)",420,03
60801,"Senegal","Sonatel Mobiles (Orange)",608,01
60802,"Senegal","Sentel GSM (Tigo)",608,02
60803,"Senegal","Expresso Sénégal",608,03
60804,"Senegal","CSU",608,04
22001,"Serbia","Telenor d.o.o.",220,01
22003,"Serbia","Telekom Srbija a.d.",220,03
22005,"Serbia","Vip mobile d.o.o.",220,05
22007,"Serbia","Orion telekom d.o.o.",220,07
63301,"Seychelles","Cable & Wireless (Seychelles) Ltd.",633,01
63310,"Seychelles","Airtel (Seychelles) Ltd",633,10
61901,"Sierra Leone","Celtel",619,01
61902,"Sierra Leone","Millicom",619,02
61903,"Sierra Leone","Africell",619,03
61904,"Sierra Leone","Comium (Sierra Leone) Ltd",619,04
61905,"Sierra Leone","Lintel (Sierra Leone) Ltd.",619,05
61909,"Sierra Leone","INTERGROUP TELECOM",619,09
61925,"Sierra Leone","Mobitel",619,25
61940,"Sierra Leone","Datatel (SL) Ltd GSM",619,40
61950,"Sierra Leone","Datatel (SL) Ltd CDMA",619,50
52501,"Singapore","SingTel ST GSM900",525,01
52502,"Singapore","SingTel ST GSM1800",525,02
52503,"Singapore","MobileOne",525,03
52505,"Singapore","Starhub",525,05
52512,"Singapore","Digital Trunked Radio Network",525,12
23101,"Slovakia","Orange, GSM",231,01
23102,"Slovakia","Eurotel, GSM & NMT",231,02
23104,"Slovakia","Eurotel, UMTS",231,04
23105,"Slovakia","Orange, UMTS",231,05
29340,"Slovenia","SI Mobil",293,40
29341,"Slovenia","Mobitel",293,41
29364,"Slovenia","T-2 d.o.o.",293,64
29370,"Slovenia","Tusmobil d.o.o.",293,70
54002,"Solomon Islands","Bemobile (BMobile (SI) Ltd)",540,02
65501,"South Africa","Vodacom (Pty) Ltd.",655,01
65502,"South Africa","Telkom SA Ltd",655,02
65504,"South Africa","Sasol (Pty) Ltd",655,04
65506,"South Africa","Sentech (Pty) Ltd.",655,06
65507,"South Africa","Cell C (Pty) Ltd.",655,07
65510,"South Africa","Mobile Telephone Networks (MTN) Pty Ltd",655,10
65511,"South Africa","SAPS Gauteng",655,11
65512,"South Africa","Mobile Telephone Networks (MTN) Pty Ltd",655,12
65513,"South Africa","Neotel Pty Ltd",655,13
65514,"South Africa","Neotel Pty Ltd",655,14
65517,"South Africa","Sishen Iron Ore Company (Ltd) Pty",655,17
65519,"South Africa","Wireless Business Solutions (iBurst)",655,19
65521,"South Africa","Cape Town Metropolitan Council",655,21
65525,"South Africa","Wirels Connect",655,25
65527,"South Africa","A to Z Vaal Industrial Supplies Pty Ltd",655,27
65530,"South Africa","Bokamoso Consortium Pty Ltd",655,30
65531,"South Africa","Karabo Telecoms (Pty) Ltd.",655,31
65532,"South Africa","Ilizwi Telecommunications Pty Ltd",655,32
65533,"South Africa","Thinta Thinta Telecommunications Pty Ltd",655,33
65534,"South Africa","Bokone Telecoms Pty Ltd",655,34
65535,"South Africa","Kingdom Communications Pty Ltd",655,35
65536,"South Africa","Amatole Telecommunication Pty Ltd",655,36
65541,"South Africa","South African Police Service",655,41
65550,"South Africa","Ericsson South Africa (Pty) Ltd",655,50
65551,"South Africa","Integrat (Pty) Ltd",655,51
65912,"South Sudan","Sudani/Sudatel",659,12
65991,"South Sudan","Zain-South Sudan",659,91
65992,"South Sudan","MTN-South Sudan",659,92
65995,"South Sudan","Vivacel/NOW",659,95
65997,"South Sudan","Gemtel",659,97
21401,"Spain","Vodafone España, SAU",214,01
21403,"Spain","France Telecom España, SA",214,03
21404,"Spain","Xfera Móviles, S.A.",214,04
21405,"Spain","Telefónica Móviles España, SAU",214,05
21406,"Spain","Vodafone España, SAU",214,06
21407,"Spain","Telefónica Móviles España, SAU",214,07
21408,"Spain","Euskaltel, SA",214,08
21409,"Spain","France Telecom España, SA",214,09
21410,"Spain","Operadora de Telecomunicaciones Opera SL",214,10
21411,"Spain","France Telecom España, SA",214,11
21412,"Spain","Contacta Servicios Avanzados de Telecomunicaciones SL",214,12
21413,"Spain","Incotel Ingeniera y Consultaria SL",214,13
21414,"Spain","Incotel Servicioz Avanzados SL",214,14
21415,"Spain","BT España Compañia de Servicios Globales de Telecomunicaciones, SAU",214,15
21416,"Spain","Telecable de Asturias, SAU",214,16
21417,"Spain","R Cable y Telecomunicaciones Galicia, SA",214,17
21418,"Spain","Cableuropa, SAU",214,18
21419,"Spain","E-Plus Móviles, SL",214,19
21420,"Spain","Fonyou Telecom, SL",214,20
21421,"Spain","Jazz Telecom, SAU",214,21
21422,"Spain","Best Spain Telecom, SL",214,22
21424,"Spain","Vizzavi España, S.L.",214,24
21425,"Spain","Lycamobile, SL",214,25
21426,"Spain","Lleida Networks Serveis Telemátics, SL",214,26
21427,"Spain","SCN Truphone SL",214,27
21428,"Spain","Consorcio de Telecomunicaciones Avanzadas, S.A.",214,28
21429,"Spain","NEO-SKY 2002, S.A.",214,29
21430,"Spain","Compatel Limited",214,30
21431,"Spain","Red Digital De Telecomunicaciones de las Islas Baleares, S.L.",214,31
21432,"Spain","TUENTI TECHNOLOGIES, S.L.",214,32
21433,"Spain","EURONA WIRELESS TELECOM, S.A.",214,33
21434,"Spain","AIRE NETWORKS DEL MEDITERRÁNEO, S.L. UNIPERSONAL",214,34
41302,"Sri Lanka","MTN Network Ltd.",413,02
41303,"Sri Lanka","Celtel Lanka Ltd.",413,03
63401,"Sudan","SD Mobitel",634,01
63402,"Sudan","Areeba-Sudan",634,02
63403,"Sudan","MTN Sudan",634,03
63405,"Sudan","Network of the World Ltd (NOW)",634,05
63406,"Sudan","Zain Sudan",634,06
63499,"Sudan","MTN Sudan",634,99
74602,"Suriname","Telesur",746,02
74603,"Suriname","Digicel",746,03
74604,"Suriname","Intelsur",746,04
74605,"Suriname","Telesur (CDMA)",746,05
65301,"Swaziland","SPTC",653,01
65310,"Swaziland","Swazi MTN",653,10
24001,"Sweden","Telia Sonera Sverige AB",240,01
24002,"Sweden","H3G Access AB",240,02
24003,"Sweden","Netett Sverige AB",240,03
24004,"Sweden","3G Infrastructure Services AB",240,04
24005,"Sweden","Svenska UMTS-Nät AB",240,05
24006,"Sweden","Telenor Sverige AB",240,06
24008,"Sweden","Telenor Sverige AB",240,08
24009,"Sweden","Communications for Devices in Sweden AB",240,09
24010,"Sweden","Spring Mobil AB",240,10
24012,"Sweden","Lycamobile Sweden Limited",240,12
24013,"Sweden","Alltele Företag Sverige AB",240,13
24014,"Sweden","TDC Sverige AB",240,14
24015,"Sweden","Wireless Maingate Nordic AB",240,15
24016,"Sweden","42 Telecom AB",240,16
24017,"Sweden","Götalandsnätet AB",240,17
24018,"Sweden","Generic Mobile Systems Sweden AB",240,18
24019,"Sweden","Mundio Mobile Sweden Ltd",240,19
24020,"Sweden","iMEZ AB",240,20
24021,"Sweden","Trafikverket ICT",240,21
24022,"Sweden","EuTel AB",240,22
24023,"Sweden","Infobip LTD (UK)",240,23
24024,"Sweden","Net4Mobility HB",240,24
24026,"Sweden","Beepsend A.B.",240,26
24027,"Sweden","Fogg Mobile AB",240,27
24028,"Sweden","CoolTEL Aps",240,28
24029,"Sweden","Mercury International Carrier Services",240,29
24030,"Sweden","NextGen Mobile Ltd",240,30
24031,"Sweden","RebTel Networks AB",240,31
24032,"Sweden","Compatel Ltd.",240,32
24033,"Sweden","Mobile Arts AB",240,33
24034,"Sweden","Pro Net Telecommunications Services Ltd.",240,34
24035,"Sweden","42 Telecom LTD",240,35
24036,"Sweden","Interactive Digital Media GmbH",240,36
24037,"Sweden","CLX Networks AB",240,37
24038,"Sweden","Voxbone SA",240,38
24039,"Sweden","Borderlight AB",240,39
24040,"Sweden","ReWiCom Scandinavia AB",240,40
24041,"Sweden","Shyam Telecom UK Ltd",240,41
24042,"Sweden","Telenor Connexion AB",240,42
24043,"Sweden","MobiWeb Ltd.",240,43
24044,"Sweden","Limitless Mobile AB",240,44
24045,"Sweden","Spirius AB",240,45
24065,"Sweden","shared use for closed networks",240,65
24066,"Sweden","shared use for closed networks",240,66
24067,"Sweden","shared use for test purpose",240,67
24068,"Sweden","shared use for test purpose",240,68
24069,"Sweden","crisis management after determination by the Swedish Post- and Telecom Authority",240,69
22801,"Switzerland","Swisscom Schweiz AG",228,01
22802,"Switzerland","Sunrise Communications AG",228,02
22803,"Switzerland","Salt Mobile SA",228,03
22805,"Switzerland","Comfone AG",228,05
22806,"Switzerland","SBB AG",228,06
22808,"Switzerland","TelCommunication Services AG",228,08
22809,"Switzerland","Comfone AG",228,09
22812,"Switzerland","Sunrise Communications AG",228,12
22851,"Switzerland","Bebbicell AG",228,51
22853,"Switzerland","upc Cablecom GmbH",228,53
22854,"Switzerland","Lycamobile AG",228,54
22856,"Switzerland","SMSRelay AG",228,56
22857,"Switzerland","Mitto AG",228,57
41701,"Syrian Arab Republic","Syriatel",417,01
41702,"Syrian Arab Republic","Spacetel Syria",417,02
41709,"Syrian Arab Republic","Syrian Telecom",417,09
43601,"Tajikistan","JC Somoncom",436,01
43602,"Tajikistan","CJSC Indigo Tajikistan",436,02
43603,"Tajikistan","TT mobile",436,03
43604,"Tajikistan","Josa Babilon-T",436,04
43605,"Tajikistan","CTJTHSC Tajik-tel",436,05
64002,"Tanzania","MIC (T) Ltd.",640,02
64003,"Tanzania","Zantel",640,03
64004,"Tanzania","Vodacom (T) Ltd.",640,04
64005,"Tanzania","Celtel (T) Ltd.",640,05
52000,"Thailand","CAT CDMA",520,00
52001,"Thailand","AIS GSM",520,01
52002,"Thailand","CAT CDMA",520,02
52003,"Thailand","Advanced Wireless Network Company Limited",520,03
52004,"Thailand","Real Future Company Limited",520,04
52005,"Thailand","DTAC Network Company Limite",520,05
52015,"Thailand","TOT Public Company Limited",520,15
52018,"Thailand","Total Access Communications Public  Company Limited",520,18
52020,"Thailand","ACes Regional Services Company Limited",520,20
52023,"Thailand","Digital Phone Company Limited",520,23
52047,"Thailand","TOT Public Company Limited",520,47
52099,"Thailand","True Move Company Limited",520,99
29401,"The Former Yugoslav Republic of Macedonia","T-Mobile",294,01
29402,"The Former Yugoslav Republic of Macedonia","Cosmofon",294,02
29403,"The Former Yugoslav Republic of Macedonia","Nov Operator",294,03
29410,"The Former Yugoslav Republic of Macedonia","WTI Macedonia",294,10
29411,"The Former Yugoslav Republic of Macedonia","MOBIK TELEKOMUNIKACII DOOEL- Skopje",294,11
51401,"Timor-Leste","Telin Timor-Leste",514,01
51402,"Timor-Leste","Timor Telecom",514,02
51403,"Timor-Leste","Viettel Timor-Leste",514,03
61501,"Togo","Togo Telecom",615,01
53901,"Tonga","Tonga Communications Corporation",539,01
53943,"Tonga","Digicel",539,43
53988,"Tonga","Digicel (Tonga) Ltd",539,88
37412,"Trinidad and Tobago","TSTT Mobile",374,12
374130,"Trinidad and Tobago","Digicel Trinidad and Tobago Ltd.",374,130
374140,"Trinidad and Tobago","LaqTel Ltd.",374,140
60502,"Tunisia","Tunisie Telecom",605,02
60503,"Tunisia","Orascom Telecom",605,03
28601,"Turkey","Turkcell",286,01
28602,"Turkey","Telsim GSM",286,02
28603,"Turkey","Aria",286,03
28604,"Turkey","Aycell",286,04
43801,"Turkmenistan","Barash Communication Technologies (BCTI)",438,01
43802,"Turkmenistan","TM-Cell",438,02
376350,"Turks and Caicos Islands","Cable & Wireless (TCI) Ltd trading asLime",376,350
376352,"Turks and Caicos Islands","IslandCom Communications Ltd.",376,352
376360,"Turks and Caicos Islands","IslandCom Communication Ltd",376,360
55301,"Tuvalu","Tuvalu Telecommunications Corporation",553,01
64101,"Uganda","Celtel Uganda",641,01
64110,"Uganda","MTN Uganda Ltd.",641,10
64111,"Uganda","Uganda Telecom Ltd.",641,11
64114,"Uganda","House of Integrated Technology and Systems Uganda Ltd (HiTs Telecom)",641,14
64118,"Uganda","Sure Telecom Uganda Limited",641,18
64122,"Uganda","Warid Telecom Uganda Ltd.",641,22
64130,"Uganda","Anupam Global Soft Uganda Limited",641,30
64133,"Uganda","Smile Communications Uganda Limited",641,33
64140,"Uganda","Civil Aviation Authority (CAA)",641,40
64144,"Uganda","K2 Telecom Ltd",641,44
64166,"Uganda","i-Tel Ltd",641,66
25501,"Ukraine","Ukrainian Mobile Communication, UMC",255,01
25502,"Ukraine","Ukranian Radio Systems, URS",255,02
25503,"Ukraine","Kyivstar GSM",255,03
25504,"Ukraine","International Telecommunications Ltd.",255,04
25505,"Ukraine","Golden Telecom",255,05
25506,"Ukraine","Astelit",255,06
25507,"Ukraine","Ukrtelecom",255,07
25521,"Ukraine","CJSC - Telesystems of Ukraine",255,21
42402,"United Arab Emirates","Etisalat",424,02
23400,"United Kingdom","British Telecom",234,00
23401,"United Kingdom","Mapesbury Communications Ltd",234,01
23402,"United Kingdom","O2 UK Ltd.",234,02
23403,"United Kingdom","Jersey Airtel Ltd",234,03
23404,"United Kingdom","FMS Solutions Ltd",234,04
23405,"United Kingdom","Colt Mobile Telecommunications Ltd",234,05
23406,"United Kingdom","Internet Computer Bureau Ltd",234,06
23407,"United Kingdom","Cable & Wireless UK",234,07
23408,"United Kingdom","OnePhone (UK) Ltd",234,08
23409,"United Kingdom","Tismi B.V.",234,09
23410,"United Kingdom","O2 UK Ltd.",234,10
23411,"United Kingdom","O2 UK Ltd.",234,11
23412,"United Kingdom","Network Rail Infrastructure Ltd",234,12
23413,"United Kingdom","Network Rail Infrastructure Ltd",234,13
23414,"United Kingdom","Hay Systems Ltd",234,14
23415,"United Kingdom","Vodafone Ltd",234,15
23416,"United Kingdom","Opal Telecom Ltd",234,16
23417,"United Kingdom","Flextel Ltd",234,17
23418,"United Kingdom","Cloud9",234,18
23419,"United Kingdom","Teleware plc",234,19
23420,"United Kingdom","Hutchison 3G UK Ltd",234,20
23421,"United Kingdom","LogicStar Ltd",234,21
23422,"United Kingdom","Routo Telecommunications Ltd",234,22
23423,"United Kingdom","Vectone Network Ltd",234,23
23424,"United Kingdom","Stour Marine Ltd",234,24
23425,"United Kingdom","Software Cellular Network Ltd",234,25
23426,"United Kingdom","Lycamobile UK Limited",234,26
23427,"United Kingdom","Teleena UK Limited",234,27
23428,"United Kingdom","Marathon Telecom Limited",234,28
23429,"United Kingdom","(aq) Limited T/A aql",234,29
23430,"United Kingdom","T-Mobile UK",234,30
23431,"United Kingdom","T-Mobile UK",234,31
23432,"United Kingdom","T-Mobile UK",234,32
23433,"United Kingdom","Orange",234,33
23434,"United Kingdom","Orange",234,34
23435,"United Kingdom","JSC Ingenium (UK) Limited",234,35
23436,"United Kingdom","Sure (Isle of Man) Limited",234,36
23437,"United Kingdom","Synectiv Ltd",234,37
23438,"United Kingdom","Virgin Mobile Telecoms Limited",234,38
23439,"United Kingdom","SSE Energy Supply Limited",234,39
23450,"United Kingdom","Jersey Telecom",234,50
23451,"United Kingdom","UK Broadband Limited",234,51
23452,"United Kingdom","Shyam Telecom UK Ltd",234,52
23453,"United Kingdom","Limitless Mobile Ltd",234,53
23455,"United Kingdom","Cable and Wireless Guensey Ltd",234,55
23458,"United Kingdom","Manx Telecom",234,58
23476,"United Kingdom","British Telecom",234,76
23478,"United Kingdom","Airwave mmO2 Ltd",234,78
23486,"United Kingdom","EE Limited ( TM)",234,86
23500,"United Kingdom","Mundlo Mobile Limited",235,00
23501,"United Kingdom","EE Limited ( TM)",235,01
23502,"United Kingdom","EE Limited ( TM)",235,02
23577,"United Kingdom","British Telecom",235,77
23591,"United Kingdom","Vodafone Ltd",235,91
23592,"United Kingdom","Cable & Wireless UK",235,92
23594,"United Kingdom","Hutchison 3G UK Ltd",235,94
23595,"United Kingdom","Network Rail Infrastructure Ltd",235,95
310010,"United States","Verizon Wireless",310,010
310012,"United States","Verizon Wireless",310,012
310013,"United States","Verizon Wireless",310,013
310016,"United States","Cricket Communications",310,016
310017,"United States","North Sight Communications Inc",310,017
310020,"United States","Union Telephone Company",310,020
310030,"United States","Centennial Communications",310,030
310035,"United States","ETEX Communications dba ETEX Wireless",310,035
310040,"United States","MTA Communications dba MTA Wireless",310,040
310050,"United States","Alaska Communications",310,050
310060,"United States","Consolidated Telcom",310,060
310070,"United States","AT&T",310,070
310080,"United States","Corr Wireless Communications LLC",310,080
310090,"United States","Cricket Communications",310,090
310100,"United States","New Mexico RSA 4 East Ltd. Partnership",310,100
310110,"United States","Pacific Telecom Inc",310,110
310120,"United States","Sprintcom Inc",310,120
310130,"United States","Carolina West Wireless",310,130
310140,"United States","GTA Wireless LLC",310,140
310150,"United States","Cingular Wireless",310,150
310160,"United States","T-Mobile USA",310,160
310170,"United States","Cingular Wireless",310,170
310180,"United States","West Central Wireless",310,180
310190,"United States","Alaska Wireless Communications LLC",310,190
310200,"United States","T-Mobile USA",310,200
310210,"United States","T-Mobile USA",310,210
310220,"United States","T-Mobile USA",310,220
310230,"United States","T-Mobile USA",310,230
310240,"United States","T-Mobile USA",310,240
310250,"United States","T-Mobile USA",310,250
310260,"United States","T-Mobile USA",310,260
310270,"United States","T-Mobile USA",310,270
310280,"United States","Contennial Puerto Rio License Corp.",310,280
310290,"United States","NEP Cellcorp Inc.",310,290
310300,"United States","Blanca Telephone Company",310,300
310310,"United States","T-Mobile USA",310,310
310320,"United States","Smith Bagley Inc, dba Cellular One",310,320
310330,"United States","AWCC",310,330
310340,"United States","High Plains Midwest LLC, dba Westlink Communications",310,340
310350,"United States","Mohave Cellular L.P.",310,350
310360,"United States","Cellular Network Partnership dba Pioneer Cellular",310,360
310370,"United States","Docomo Pacific Inc",310,370
310380,"United States","New Cingular Wireless PCS, LLC",310,380
310390,"United States","TX-11 Acquistion LLC",310,390
310400,"United States","Wave Runner LLC",310,400
310410,"United States","Cingular Wireless",310,410
310420,"United States","Cincinnati Bell Wireless LLC",310,420
310430,"United States","GCI Communications Corp",310,430
310440,"United States","Numerex Corp",310,440
310450,"United States","North East Cellular Inc.",310,450
310460,"United States","Newcore Wireless",310,460
310470,"United States","nTELOS Communications Inc",310,470
310480,"United States","Choice Phone LLC",310,480
310490,"United States","T-Mobile USA",310,490
310500,"United States","Public Service Cellular, Inc.",310,500
310510,"United States","Nsighttel Wireless Inc",310,510
310520,"United States","Transactions Network Services",310,520
310530,"United States","Iowa Wireless Services LLC",310,530
310540,"United States","Oklahoma Western Telephone Company",310,540
310550,"United States","Wireless Solutions International",310,550
310560,"United States","AT&T",310,560
310570,"United States","MTPCS LLC",310,570
310580,"United States","Inland Cellular Telephone Company",310,580
310590,"United States","Verizon Wireless",310,590
310600,"United States","New Cell Inc. dba Cellcom",310,600
310610,"United States","Elkhart Telephone Co. Inc. dba Epic Touch Co.",310,610
310620,"United States","Nsighttel Wireless Inc",310,620
310640,"United States","Airadigm Communications",310,640
310650,"United States","Jasper Wireless Inc.",310,650
310660,"United States","T-Mobile USA",310,660
310670,"United States","AT&T Mobility Vanguard Services",310,670
310680,"United States","AT&T",310,680
310690,"United States","Keystone Wireless LLC",310,690
310700,"United States","Cross Valiant Cellular Partnership",310,700
310710,"United States","Arctic Slope Telephone Association Cooperative",310,710
310720,"United States","Wireless Solutions International Inc.",310,720
310730,"United States","US Cellular",310,730
310740,"United States","Convey Communications Inc",310,740
310750,"United States","East Kentucky Network LLC dba Appalachian Wireless",310,750
310760,"United States","Lynch 3G Communications Corporation",310,760
310770,"United States","Iowa Wireless Services LLC dba I Wireless",310,770
310780,"United States","D.D. Inc",310,780
310790,"United States","PinPoint Communications Inc.",310,790
310800,"United States","T-Mobile USA",310,800
310810,"United States","LCFR LLC",310,810
310820,"United States","South Canaan Cellular Communications Co. LP",310,820
310830,"United States","Clearwire Corporation",310,830
310840,"United States","Telecom North America Mobile Inc",310,840
310850,"United States","Aeris Communications, Inc.",310,850
310860,"United States","TX RSA 15B2, LP dba Five Star Wireless",310,860
310870,"United States","Kaplan Telephone Company Inc.",310,870
310880,"United States","Advantage Cellular Systems, Inc.",310,880
310890,"United States","Verizon Wireless",310,890
310900,"United States","Cable & Communications Corporation dba Mid-Rivers Wireless",310,900
310910,"United States","Verizon Wireless",310,910
310920,"United States","James Valley Wireless LLC",310,920
310930,"United States","Copper Valley Wireless",310,930
310940,"United States","Iris Wireless LLC",310,940
310950,"United States","Texas RSA 1 dba XIT Wireless",310,950
310960,"United States","UBET Wireless",310,960
310970,"United States","Globalstar USA",310,970
310980,"United States","Texas RSA 7B3 dba Peoples Wireless Services",310,980
310990,"United States","Worldcall Interconnect",310,990
311000,"United States","Mid-Tex Cellular Ltd.",311,000
311010,"United States","Chariton Valley Communications Corp., Inc.",311,010
311020,"United States","Missouri RSA No. 5 Partnership",311,020
311030,"United States","Indigo Wireless, Inc.",311,030
311040,"United States","Commnet Wireless LLC",311,040
311050,"United States","Thumb Cellular Limited Partnership",311,050
311060,"United States","Space Data Corporation",311,060
311070,"United States","Wisconsin RSA #7 Limited Partnership",311,070
311080,"United States","Pine Telephone Company dba Pine Cellular",311,080
311090,"United States","LongLines Wireless",311,090
311100,"United States","Nex-Tech Wireless LLC",311,100
311110,"United States","Verizon Wireless",311,110
311120,"United States","Choice Phone LLC",311,120
311130,"United States","Light Squared LP",311,130
311140,"United States","Cross Telephone Company",311,140
311150,"United States","Wilkes Cellular Inc.",311,150
311160,"United States","Light Squared LP",311,160
311170,"United States","PetroCom LLC",311,170
311180,"United States","Cingular Wireless, Licensee Pacific Telesis Mobile Services, LLC",311,180
311190,"United States","Cellular Properties Inc.",311,190
311200,"United States","ARINC",311,200
311210,"United States","Emery Telecom-Wireless Inc",311,210
311220,"United States","United States Cellular",311,220
311230,"United States","Cellular South Inc",311,230
311240,"United States","Cordova Wireless Communications Inc",311,240
311250,"United States","Wave Runner LLC",311,250
311260,"United States","Clearwire Corporation",311,260
311270,"United States","Verizon Wireless",311,270
311271,"United States","Verizon Wireless",311,271
311272,"United States","Verizon Wireless",311,272
311273,"United States","Verizon Wireless",311,273
311274,"United States","Verizon Wireless",311,274
311275,"United States","Verizon Wireless",311,275
311276,"United States","Verizon Wireless",311,276
311277,"United States","Verizon Wireless",311,277
311278,"United States","Verizon Wireless",311,278
311279,"United States","Verizon Wireless",311,279
311280,"United States","Verizon Wireless",311,280
311281,"United States","Verizon Wireless",311,281
311282,"United States","Verizon Wireless",311,282
311283,"United States","Verizon Wireless",311,283
311284,"United States","Verizon Wireless",311,284
311285,"United States","Verizon Wireless",311,285
311286,"United States","Verizon Wireless",311,286
311287,"United States","Verizon Wireless",311,287
311288,"United States","Verizon Wireless",311,288
311289,"United States","Verizon Wireless",311,289
311290,"United States","Pinpoint Wireless Inc.",311,290
311300,"United States","Nexus Communications Inc",311,300
311310,"United States","Leaco Rural Telephone Company Inc",311,310
311320,"United States","Commnet Wireless LLC",311,320
311330,"United States","Bug Tussel Wireless LLC",311,330
311340,"United States","Illinois Valley Cellular",311,340
311350,"United States","Sagebrush Cellular Inc dba Nemont",311,350
311360,"United States","Stelera Wireless LLC",311,360
311370,"United States","GCI Communications Corp",311,370
311380,"United States","New Dimension Wireless Ltd",311,380
311390,"United States","Verizon Wireless",311,390
311410,"United States","Iowa RSA No. 2 Limited Partnership",311,410
311420,"United States","Northwest Missouri Cellular Limited Partnership",311,420
311430,"United States","RSA 1 Limited Partnership dba Cellular 29 Plus",311,430
311440,"United States","Bluegrass Cellular LLC",311,440
311450,"United States","Panhandle Telecommunication Systems Inc.",311,450
311460,"United States","Fisher Wireless Services Inc",311,460
311470,"United States","Vitelcom Cellular Inc dba Innovative Wireless",311,470
311480,"United States","Verizon Wireless",311,480
311481,"United States","Verizon Wireless",311,481
311482,"United States","Verizon Wireless",311,482
311483,"United States","Verizon Wireless",311,483
311484,"United States","Verizon Wireless",311,484
311485,"United States","Verizon Wireless",311,485
311486,"United States","Verizon Wireless",311,486
311487,"United States","Verizon Wireless",311,487
311488,"United States","Verizon Wireless",311,488
311489,"United States","Verizon Wireless",311,489
311490,"United States","Sprintcom Inc",311,490
311500,"United States","Mosaic Telecom Inc",311,500
311510,"United States","Light Squared LP",311,510
311520,"United States","Light Squared LP",311,520
311530,"United States","Newcore Wireless LLC",311,530
311540,"United States","Proximiti Mobility Inc",311,540
311550,"United States","Commnet Midwest LLC",311,550
311560,"United States","OTZ Communications Inc",311,560
311570,"United States","Bend Cable Communications LLC",311,570
311580,"United States","United States Cellular",311,580
311590,"United States","California RSA No3 Ltd Partnership dba Golden State Cellular",311,590
311600,"United States","Cox TMI Wireless LLC",311,600
311610,"United States","North Dakota Network Co.",311,610
311620,"United States","Terrestar Networks Inc",311,620
311630,"United States","Corr Wireless Communications",311,630
311640,"United States","Standing Rock Telecommunications",311,640
311650,"United States","United Wireless Inc",311,650
311660,"United States","Metro PCS Wireless Inc",311,660
311670,"United States","Pine Belt Cellular Inc dba Pine Belt Wireless",311,670
311680,"United States","GreenFly LLC",311,680
311690,"United States","TeleBeeper of New Mexico Inc",311,690
311700,"United States","TotalSolutions Telecom LLC",311,700
311710,"United States","Northeast Wireless Networks LLC",311,710
311720,"United States","Maine PCS LLC",311,720
311730,"United States","Proximiti Mobility Inc",311,730
311740,"United States","Telalaska Cellular",311,740
311750,"United States","NetAmerica Alliance LLC",311,750
311760,"United States","Edigen Inc",311,760
311770,"United States","Radio Mobile Access Inc",311,770
311800,"United States","Bluegrass Cellular LLC",311,800
311810,"United States","Blegrass Cellular LLC",311,810
311820,"United States","Kineto Wireless Inc",311,820
311830,"United States","Thumb Cellular LLC",311,830
311840,"United States","Nsight Spectrum LLC",311,840
311850,"United States","Nsight Spectrum LLC",311,850
311860,"United States","Uintah Basin Electronic Telecommunications",311,860
311870,"United States","Sprintcom Inc",311,870
311880,"United States","Sprintcom Inc",311,880
311890,"United States","Globecom Network Services Corporation",311,890
311900,"United States","Gigsky Inc.",311,900
311910,"United States","SI Wireless LLC",311,910
311920,"United States","Missouri RSA No 5 Partnership dba Charlton Valley Wireless Services",311,920
311940,"United States","Clearwire Corporation",311,940
311950,"United States","Sunman Telecommunications corp.",311,950
311960,"United States","Lycamobile USA Inc",311,960
311970,"United States","Big River Broadband LLC",311,970
311980,"United States","LigTel Communications",311,980
311990,"United States","VTel Wireless",311,990
312010,"United States","Charlton Valley Communication Corporation Inc",312,010
312020,"United States","Infrastructure Networks LLC",312,020
312030,"United States","Cross Wireless",312,030
312040,"United States","Custer Telephone Cooperative Inc",312,040
312050,"United States","Fuego Wireless LLC",312,050
312060,"United States","CoverageCo",312,060
312070,"United States","Adams Networks Inc",312,070
312080,"United States","South Georgia Regional Information Technology Authority",312,080
312090,"United States","Allied Wireless Communications Corporation",312,090
312100,"United States","ClearSky Technologies Inc",312,100
312110,"United States","Texas Energy Network LLC",312,110
312120,"United States","East Kentucky Network LLC dba Appalachian Wireless",312,120
312130,"United States","East Kentucky Network LLC dba Appalachian Wireless",312,130
312140,"United States","Cleveland Unlimited Inc",312,140
312150,"United States","Northwest Cell",312,150
312160,"United States","RSA1 Limited Partnership dba Chat Mobility",312,160
312170,"United States","Iowa RSA No. 2 Limited Partnership",312,170
312180,"United States","Keystone Wireless LLC",312,180
312190,"United States","Sprint-Nextel Communications Inc",312,190
312200,"United States","Voyager Mobility LLC",312,200
313100,"United States","Assigned to Public  Safety",313,100
316010,"United States","Sprint-Nextel Communications Inc",316,010
316011,"United States","Southern Communications Services Inc.",316,011
74800,"Uruguay","Ancel - TDMA",748,00
74801,"Uruguay","Ancel - GSM",748,01
74803,"Uruguay","Ancel",748,03
74807,"Uruguay","Movistar",748,07
74810,"Uruguay","CTI Móvil",748,10
43401,"Uzbekistan","Buztel",434,01
43402,"Uzbekistan","Uzmacom",434,02
43404,"Uzbekistan","Daewoo Unitel",434,04
43405,"Uzbekistan","Coscom",434,05
43407,"Uzbekistan","Uzdunrobita",434,07
54101,"Vanuatu","SMILE",541,01
54105,"Vanuatu","Digicel Vanuatu",541,05
54107,"Vanuatu","WANTOK",541,07
73402,"Venezuela (Bolivarian Republic of)","Corporación Digitel",734,02
73404,"Venezuela (Bolivarian Republic of)","Telcel, C.A.",734,04
73406,"Venezuela (Bolivarian Republic of)","Telecomunicaciones Movilnet, C.A.",734,06
45201,"Viet Nam","Mobifone",452,01
45202,"Viet Nam","Vinaphone",452,02
45203,"Viet Nam","S Telecom (CDMA)",452,03
45204,"Viet Nam","Viettel",452,04
45206,"Viet Nam","EVN Telecom",452,06
45207,"Viet Nam","Beeline VN/GTEL Mobile JSC",452,07
45208,"Viet Nam","EVN Telecom",452,08
54301,"Wallis and Futuna","Manuia",543,01
42101,"Yemen","Yemen Mobile Phone Company",421,01
42102,"Yemen","Spacetel Yemen",421,02
42104,"Yemen","Y-Telecom",421,04
64501,"Zambia","Celtel Zambia Ltd.",645,01
64502,"Zambia","Telecel Zambia Ltd.",645,02
64503,"Zambia","Zamtel",645,03
64801,"Zimbabwe","Net One",648,01
64803,"Zimbabwe","Telecel",648,03
64804,"Zimbabwe","Econet",648,04
90101,"Shared Mobile Country Code","ICO Global Communications",901,01
90103,"Shared Mobile Country Code","Iridium Communications Inc",901,03
90105,"Shared Mobile Country Code","Thuraya RMSS Network",901,05
90106,"Shared Mobile Country Code","Thuraya Satellite Telecommunications Company",901,06
90110,"Shared Mobile Country Code","Asia Cellular Satellite (AceS)",901,10
90111,"Shared Mobile Country Code","Inmarsat Ltd.",901,11
90112,"Shared Mobile Country Code","Maritime Communications Partner AS (MCP network)",901,12
90113,"Shared Mobile Country Code","BebbiCell AG (Formerly Global Networks Switzerland AG)",901,13
90114,"Shared Mobile Country Code","Telenor",901,14
90115,"Shared Mobile Country Code","OnAir N.V. (Formerly SITA on behalf of Onair)",901,15
90116,"Shared Mobile Country Code","Jasper Technologies Inc. [formerly Jasper Wireless, Inc]",901,16
90117,"Shared Mobile Country Code","Jersey Telecom",901,17
90118,"Shared Mobile Country Code","Cingular Wireless",901,18
90119,"Shared Mobile Country Code","Vodafone Malta (Vodafone Group)",901,19
90120,"Shared Mobile Country Code","Intermatica",901,20
90121,"Shared Mobile Country Code","Wins Limited (Formerly Seanet Maritime Communications AB)",901,21
90122,"Shared Mobile Country Code","MediaLincc Ltd",901,22
90124,"Shared Mobile Country Code","Voxbone SA",901,24
90126,"Shared Mobile Country Code","Telecom Italia",901,26
90127,"Shared Mobile Country Code","OnAir N.V. (Formerly SITA on behalf of Onair)",901,27
90128,"Shared Mobile Country Code","Vodafone Group",901,28
90129,"Shared Mobile Country Code","Telenor Connexion AB",901,29
90131,"Shared Mobile Country Code","Orange [formerly France Telecom Orange]",901,31
90132,"Shared Mobile Country Code","MegaFon",901,32
90133,"Shared Mobile Country Code","Smart Communications , Inc",901,33
90134,"Shared Mobile Country Code","Tyntec Limited",901,34
90135,"Shared Mobile Country Code","Globecomm Network Services",901,35
90136,"Shared Mobile Country Code","Azerfon LLC",901,36
90137,"Shared Mobile Country Code","TRANSATEL",901,37
90138,"Shared Mobile Country Code","Multiregional TransitTelecom (MTT)",901,38
90139,"Shared Mobile Country Code","MTX Connect",901,39
90140,"Shared Mobile Country Code","Deutsche Telekom AG",901,40
90141,"Shared Mobile Country Code","BodyTrace Netherlands B.V.",901,41
90142,"Shared Mobile Country Code","DCN Hub ehf",901,42
90143,"Shared Mobile Country Code","EMnify GmbH",901,43
90144,"Shared Mobile Country Code","AT&T, Inc.",901,44
90145,"Shared Mobile Country Code","Advanced Wireless Network Company Limited",901,45
90146,"Shared Mobile Country Code","Telecom26 AG",901,46
90147,"Shared Mobile Country Code","Ooredoo",901,47
90188,"Shared Mobile Country Code","UN Office for the Coordination of Humanitarian Affairs (OCHA)",901,88
